date_mutation,valeur_fonciere,code_commune,nom_commune,type_local,surface_reelle_bati,longitude,latitude,prix_m2
2024-01-10,922500.0,35288,Saint-Malo,Maison,214.0,-1.977656,48.664654,4310.747663551402
2024-01-05,388500.0,35288,Saint-Malo,Maison,45.0,-2.023956,48.650628,8633.333333333334
2024-01-11,356620.0,35288,Saint-Malo,Appartement,36.0,-1.989323,48.663851,9906.111111111111
2024-01-16,900000.0,35288,Saint-Malo,Maison,180.0,-1.977391,48.650556,5000.0
2024-01-16,676975.0,35263,Saint-Coulomb,Maison,139.0,-1.915052,48.673494,4870.323741007194
2024-01-15,160000.0,35288,Saint-Malo,Appartement,25.0,-1.989475,48.65995,6400.0
2024-01-12,800000.0,35288,Saint-Malo,Appartement,87.0,-2.021341,48.63485,9195.402298850575
2024-01-22,1046500.0,35093,Dinard,Maison,236.0,-2.060932,48.632108,4434.322033898305
2024-01-03,298000.0,35049,Cancale,Maison,113.0,-1.862093,48.680492,2637.16814159292
2024-01-03,195000.0,35049,Cancale,Appartement,47.0,-1.86287,48.682802,4148.936170212766
2024-01-15,3000000.0,35288,Saint-Malo,Maison,220.0,-2.001873,48.657355,13636.363636363636
2024-01-03,320000.0,35288,Saint-Malo,Maison,75.0,-1.987773,48.633297,4266.666666666667
2024-01-10,1000000.0,35288,Saint-Malo,Appartement,110.0,-2.024547,48.635522,9090.90909090909
2024-01-11,500000.0,35093,Dinard,Maison,102.0,-2.079179,48.632,4901.9607843137255
2024-01-11,500000.0,35093,Dinard,Maison,102.0,-2.079179,48.632,4901.9607843137255
2024-01-09,200000.0,35288,Saint-Malo,Appartement,56.0,-2.025221,48.648208,3571.4285714285716
2024-01-18,270000.0,35288,Saint-Malo,Appartement,65.0,-2.004445,48.648127,4153.846153846154
2024-01-15,700000.0,35263,Saint-Coulomb,Maison,134.0,-1.953598,48.674997,5223.880597014925
2024-01-15,700000.0,35263,Saint-Coulomb,Maison,134.0,-1.953598,48.674997,5223.880597014925
2024-01-09,441000.0,35288,Saint-Malo,Appartement,75.0,-2.009467,48.646611,5880.0
2024-01-15,432000.0,35288,Saint-Malo,Maison,110.0,-1.993479,48.649287,3927.2727272727275
2024-01-10,415000.0,35288,Saint-Malo,Appartement,69.0,-2.006955,48.65459,6014.492753623188
2024-01-04,280000.0,35288,Saint-Malo,Maison,50.0,-1.979399,48.679204,5600.0
2024-01-09,240000.0,35288,Saint-Malo,Appartement,47.0,-1.993592,48.658847,5106.382978723404
2024-01-22,524000.0,35093,Dinard,Appartement,78.0,-2.059689,48.627852,6717.948717948718
2024-01-12,310000.0,35288,Saint-Malo,Appartement,84.0,-2.009743,48.635427,3690.4761904761904
2024-01-12,320000.0,35288,Saint-Malo,Maison,103.0,-1.992979,48.632346,3106.7961165048546
2024-01-19,1050000.0,35288,Saint-Malo,Appartement,78.0,-1.988269,48.666466,13461.538461538461
2024-01-09,850000.0,35288,Saint-Malo,Appartement,85.0,-1.989017,48.664141,10000.0
2024-01-23,470000.0,35288,Saint-Malo,Maison,110.0,-1.990862,48.658772,4272.727272727273
2024-01-23,190000.0,35288,Saint-Malo,Appartement,63.0,,,3015.873015873016
2024-01-17,466500.0,35093,Dinard,Maison,90.0,-2.074165,48.630769,5183.333333333333
2024-01-03,286300.0,35288,Saint-Malo,Maison,78.0,-1.993927,48.638908,3670.5128205128203
2024-01-26,250000.0,35093,Dinard,Appartement,36.0,-2.057908,48.634219,6944.444444444444
2024-01-29,295000.0,35288,Saint-Malo,Appartement,85.0,-2.008779,48.643509,3470.5882352941176
2024-01-15,450000.0,35093,Dinard,Appartement,69.0,-2.058796,48.624013,6521.739130434783
2024-01-12,447000.0,35288,Saint-Malo,Maison,86.0,-2.00428,48.652676,5197.674418604651
2024-01-18,670000.0,35288,Saint-Malo,Maison,131.0,-2.013917,48.638535,5114.503816793893
2024-01-15,575350.0,35049,Cancale,Maison,180.0,-1.866784,48.685171,3196.3888888888887
2024-01-11,900000.0,35093,Dinard,Appartement,128.0,-2.059478,48.631259,7031.25
2024-01-08,1025000.0,35093,Dinard,Maison,150.0,-2.071304,48.635175,6833.333333333333
2024-01-19,200000.0,35288,Saint-Malo,Maison,85.0,-1.989384,48.647713,2352.9411764705883
2024-01-09,122000.0,35288,Saint-Malo,Appartement,23.0,-2.025077,48.65028,5304.347826086957
2024-01-15,368000.0,35093,Dinard,Maison,81.0,-2.06551,48.618386,4543.20987654321
2024-01-26,453000.0,35093,Dinard,Appartement,65.0,-2.054152,48.632509,6969.2307692307695
2024-01-05,180500.0,35288,Saint-Malo,Appartement,44.0,-1.970996,48.65356,4102.272727272727
2024-01-23,90000.0,35288,Saint-Malo,Appartement,33.0,-2.023987,48.649619,2727.2727272727275
2024-01-22,460000.0,35288,Saint-Malo,Maison,52.0,-1.983851,48.661769,8846.153846153846
2024-01-22,348000.0,35093,Dinard,Maison,98.0,-2.060642,48.632649,3551.0204081632655
2024-01-15,440000.0,35288,Saint-Malo,Maison,100.0,-1.998535,48.621702,4400.0
2024-01-29,410000.0,35288,Saint-Malo,Maison,69.0,-2.010421,48.631428,5942.028985507246
2024-01-16,980000.0,35093,Dinard,Maison,110.0,-2.063059,48.636059,8909.09090909091
2024-01-24,157000.0,35288,Saint-Malo,Appartement,40.0,-1.958116,48.608463,3925.0
2024-01-16,1080000.0,35093,Dinard,Maison,87.0,-2.059262,48.636241,12413.793103448275
2024-01-11,160000.0,35093,Dinard,Appartement,30.0,-2.051904,48.6342,5333.333333333333
2024-01-15,617000.0,35093,Dinard,Maison,101.0,-2.060601,48.627734,6108.910891089109
2024-01-26,165000.0,35093,Dinard,Appartement,28.0,-2.060497,48.633361,5892.857142857143
2024-01-23,250000.0,35288,Saint-Malo,Appartement,80.0,-2.007929,48.648739,3125.0
2024-01-29,1300000.0,35093,Dinard,Maison,228.0,-2.064289,48.635054,5701.754385964912
2024-02-02,690550.0,35288,Saint-Malo,Maison,103.0,-1.988787,48.659874,6704.368932038835
2024-01-22,144700.0,35288,Saint-Malo,Appartement,32.0,-1.985435,48.631328,4521.875
2024-01-29,900000.0,35093,Dinard,Appartement,165.0,-2.034969,48.626063,5454.545454545455
2024-01-24,150000.0,35049,Cancale,Appartement,52.0,-1.854936,48.674754,2884.6153846153848
2024-01-17,270500.0,35288,Saint-Malo,Maison,88.0,-1.992655,48.632554,3073.8636363636365
2024-01-26,277220.0,35288,Saint-Malo,Appartement,68.0,,,4076.764705882353
2024-01-19,240000.0,35263,Saint-Coulomb,Maison,75.0,-1.915029,48.674607,3200.0
2024-01-24,253000.0,35288,Saint-Malo,Appartement,59.0,-2.007173,48.634161,4288.135593220339
2024-02-01,800450.0,35288,Saint-Malo,Maison,207.0,-2.008406,48.618358,3866.9082125603863
2024-02-01,800450.0,35288,Saint-Malo,Maison,207.0,-2.008406,48.618358,3866.9082125603863
2024-01-31,580450.0,35288,Saint-Malo,Maison,95.0,-1.98125,48.672062,6110.0
2024-01-22,15000.0,35288,Saint-Malo,Appartement,56.0,-2.025221,48.648208,267.85714285714283
2024-01-17,156500.0,35093,Dinard,Appartement,36.0,-2.053377,48.633608,4347.222222222223
2024-02-05,173000.0,35288,Saint-Malo,Appartement,58.0,-2.002723,48.639688,2982.7586206896553
2024-01-31,700000.0,35288,Saint-Malo,Maison,109.0,-2.000345,48.656133,6422.018348623853
2024-02-01,421000.0,35288,Saint-Malo,Maison,76.0,-2.003863,48.636323,5539.473684210527
2024-01-24,429000.0,35288,Saint-Malo,Maison,50.0,-1.981816,48.653056,8580.0
2024-01-24,429000.0,35288,Saint-Malo,Maison,36.0,-1.981774,48.653011,11916.666666666666
2024-01-31,555000.0,35288,Saint-Malo,Maison,120.0,-2.00946,48.62667,4625.0
2024-01-19,590000.0,35288,Saint-Malo,Appartement,31.0,-1.990166,48.661865,19032.25806451613
2024-01-19,590000.0,35288,Saint-Malo,Appartement,63.0,-1.990166,48.661865,9365.079365079366
2024-01-29,235000.0,35288,Saint-Malo,Appartement,58.0,-1.97751,48.648528,4051.7241379310344
2024-02-06,602000.0,35288,Saint-Malo,Appartement,98.0,-2.002843,48.649411,6142.857142857143
2024-02-07,230000.0,35288,Saint-Malo,Appartement,68.0,-1.984414,48.659147,3382.3529411764707
2024-02-08,800000.0,35288,Saint-Malo,Maison,150.0,-1.996331,48.658308,5333.333333333333
2024-02-05,840000.0,35288,Saint-Malo,Maison,120.0,-1.982824,48.654062,7000.0
2024-01-19,160000.0,35288,Saint-Malo,Appartement,28.0,-1.97541,48.682638,5714.285714285715
2024-02-12,265000.0,35288,Saint-Malo,Appartement,78.0,-1.991928,48.642046,3397.4358974358975
2024-02-08,244275.0,35288,Saint-Malo,Appartement,46.0,-1.987288,48.65748,5310.326086956522
2024-02-12,180000.0,35288,Saint-Malo,Appartement,43.0,-2.009626,48.645233,4186.046511627907
2024-02-01,1.0,35288,Saint-Malo,Appartement,65.0,-2.008119,48.645818,0.015384615384615385
2024-02-02,280000.0,35288,Saint-Malo,Maison,81.0,-1.952397,48.61356,3456.7901234567903
2024-01-26,275000.0,35288,Saint-Malo,Appartement,39.0,-2.025458,48.636606,7051.282051282052
2024-02-01,780000.0,35093,Dinard,Maison,143.0,-2.067,48.629616,5454.545454545455
2024-01-29,283850.0,35288,Saint-Malo,Maison,151.0,-1.981639,48.662753,1879.8013245033112
2024-02-16,220000.0,35093,Dinard,Appartement,56.0,-2.05446,48.634084,3928.5714285714284
2024-02-19,215400.0,35288,Saint-Malo,Appartement,41.0,-2.010764,48.639366,5253.658536585366
2024-02-08,535000.0,35049,Cancale,Maison,110.0,-1.854282,48.674447,4863.636363636364
2024-01-30,230000.0,35288,Saint-Malo,Maison,115.0,-2.009098,48.645109,2000.0
2024-01-29,250000.0,35049,Cancale,Maison,65.0,-1.857936,48.670411,3846.153846153846
2024-01-25,120000.0,35288,Saint-Malo,Appartement,55.0,-2.017609,48.640894,2181.818181818182
2024-01-23,495000.0,35093,Dinard,Appartement,88.0,-2.055503,48.635496,5625.0
2024-02-06,560500.0,35288,Saint-Malo,Maison,131.0,-2.009354,48.628778,4278.625954198474
2024-02-07,750000.0,35288,Saint-Malo,Maison,55.0,-2.006842,48.655124,13636.363636363636
2024-02-15,186800.0,35288,Saint-Malo,Appartement,39.0,-2.01377,48.634402,4789.74358974359
2024-02-16,105000.0,35288,Saint-Malo,Appartement,27.0,-2.003589,48.634504,3888.8888888888887
2024-02-15,375000.0,35288,Saint-Malo,Appartement,75.0,-2.024956,48.647065,5000.0
2024-01-19,174700.0,35288,Saint-Malo,Appartement,46.0,-2.015295,48.638823,3797.8260869565215
2024-02-16,600000.0,35288,Saint-Malo,Appartement,110.0,-2.027009,48.647317,5454.545454545455
2024-02-16,490000.0,35288,Saint-Malo,Maison,75.0,-1.951629,48.660215,6533.333333333333
2024-01-05,273000.0,35288,Saint-Malo,Maison,64.0,-2.003788,48.631027,4265.625
2024-02-15,370000.0,35288,Saint-Malo,Appartement,59.0,-2.009626,48.645233,6271.186440677966
2024-01-29,360000.0,35288,Saint-Malo,Appartement,73.0,-2.010596,48.627508,4931.506849315068
2024-02-21,110000.0,35288,Saint-Malo,Appartement,48.0,-1.996174,48.635917,2291.6666666666665
2024-01-19,112500.0,35288,Saint-Malo,Appartement,33.0,-1.996174,48.635917,3409.090909090909
2024-02-14,755000.0,35263,Saint-Coulomb,Maison,146.0,-1.896138,48.686009,5171.232876712329
2024-02-14,755000.0,35263,Saint-Coulomb,Maison,146.0,-1.896138,48.686009,5171.232876712329
2024-02-14,456000.0,35288,Saint-Malo,Maison,180.0,-1.965438,48.615232,2533.3333333333335
2024-01-29,390000.0,35288,Saint-Malo,Appartement,63.0,-2.006329,48.652559,6190.476190476191
2024-02-12,943000.0,35288,Saint-Malo,Maison,140.0,-2.010838,48.634927,6735.714285714285
2024-02-14,400000.0,35288,Saint-Malo,Appartement,73.0,-2.00836,48.62682,5479.45205479452
2024-02-09,450000.0,35288,Saint-Malo,Maison,99.0,-1.977171,48.669435,4545.454545454545
2024-02-19,228400.0,35288,Saint-Malo,Appartement,44.0,-1.970023,48.667392,5190.909090909091
2024-02-07,520000.0,35288,Saint-Malo,Appartement,87.0,-2.027232,48.646311,5977.0114942528735
2024-02-14,201000.0,35288,Saint-Malo,Appartement,47.0,-2.009626,48.645233,4276.595744680851
2024-01-15,4500.0,35288,Saint-Malo,Appartement,33.0,-2.019716,48.634446,136.36363636363637
2024-01-15,4500.0,35288,Saint-Malo,Appartement,31.0,-2.019716,48.634446,145.16129032258064
2024-01-31,1914180.0,35288,Saint-Malo,Appartement,114.0,-2.00765,48.648699,16791.052631578947
2024-01-31,1914180.0,35288,Saint-Malo,Appartement,77.0,-2.00765,48.648699,24859.48051948052
2024-01-31,1914180.0,35288,Saint-Malo,Appartement,56.0,-2.00765,48.648699,34181.78571428572
2024-01-31,1914180.0,35288,Saint-Malo,Appartement,36.0,-2.00765,48.648699,53171.666666666664
2024-01-31,1914180.0,35288,Saint-Malo,Appartement,56.0,-2.00765,48.648699,34181.78571428572
2024-01-31,1914180.0,35288,Saint-Malo,Appartement,36.0,-2.00765,48.648699,53171.666666666664
2024-02-19,230000.0,35288,Saint-Malo,Appartement,40.0,-1.970023,48.667392,5750.0
2024-02-13,420000.0,35093,Dinard,Appartement,51.0,-2.067788,48.633268,8235.29411764706
2024-02-13,420000.0,35093,Dinard,Appartement,51.0,-2.067788,48.633268,8235.29411764706
2024-02-16,661566.0,35093,Dinard,Maison,113.0,-2.068339,48.620974,5854.566371681416
2024-01-30,228130.0,35093,Dinard,Maison,54.0,-2.040489,48.619259,4224.62962962963
2024-02-23,311000.0,35093,Dinard,Appartement,50.0,-2.056062,48.627932,6220.0
2024-02-20,450000.0,35263,Saint-Coulomb,Maison,141.0,-1.918886,48.676863,3191.4893617021276
2024-02-20,450000.0,35263,Saint-Coulomb,Maison,141.0,-1.918886,48.676863,3191.4893617021276
2024-02-23,536500.0,35288,Saint-Malo,Maison,119.0,-1.964736,48.656122,4508.403361344538
2024-02-23,370000.0,35288,Saint-Malo,Maison,77.0,-1.962304,48.65928,4805.194805194805
2024-02-08,273860.0,35093,Dinard,Appartement,35.0,-2.059486,48.637977,7824.571428571428
2024-02-05,195000.0,35093,Dinard,Appartement,38.0,-2.043618,48.615949,5131.578947368421
2024-02-16,160850.0,35288,Saint-Malo,Appartement,33.0,-1.990175,48.650046,4874.242424242424
2024-01-26,162500.0,35093,Dinard,Appartement,41.0,-2.052891,48.630373,3963.4146341463415
2024-02-14,433740.0,35288,Saint-Malo,Appartement,68.0,-2.008277,48.644455,6378.529411764706
2024-02-13,300000.0,35288,Saint-Malo,Appartement,61.0,-2.009031,48.645538,4918.0327868852455
2024-02-13,300000.0,35288,Saint-Malo,Appartement,44.0,-2.009031,48.645538,6818.181818181818
2024-02-12,305000.0,35093,Dinard,Maison,82.0,-2.068442,48.62239,3719.512195121951
2024-02-29,278000.0,35093,Dinard,Appartement,36.0,-2.060351,48.634277,7722.222222222223
2024-02-08,100000.0,35093,Dinard,Appartement,15.0,-2.057701,48.636959,6666.666666666667
2024-02-23,665100.0,35288,Saint-Malo,Appartement,94.0,-2.008352,48.652171,7075.531914893617
2024-02-27,400000.0,35288,Saint-Malo,Appartement,64.0,-1.993592,48.658847,6250.0
2024-02-23,556000.0,35288,Saint-Malo,Maison,112.0,-2.009459,48.620088,4964.285714285715
2024-02-16,560000.0,35263,Saint-Coulomb,Maison,110.0,-1.912309,48.679471,5090.909090909091
2024-02-12,395954.0,35288,Saint-Malo,Appartement,96.0,-1.998047,48.658622,4124.520833333333
2024-02-15,204000.0,35049,Cancale,Appartement,41.0,-1.853302,48.701147,4975.609756097561
2024-02-29,331000.0,35288,Saint-Malo,Appartement,59.0,-2.001092,48.651419,5610.169491525424
2024-02-02,176450.0,35288,Saint-Malo,Appartement,69.0,-1.996752,48.631837,2557.246376811594
2024-02-19,148000.0,35288,Saint-Malo,Appartement,30.0,-2.015495,48.638062,4933.333333333333
2024-02-20,417172.0,35288,Saint-Malo,Appartement,71.0,-2.015756,48.63297,5875.661971830986
2024-02-14,800000.0,35288,Saint-Malo,Maison,121.0,-1.986958,48.661427,6611.570247933884
2024-02-19,450000.0,35288,Saint-Malo,Maison,135.0,-2.003714,48.645036,3333.3333333333335
2024-02-28,747525.0,35049,Cancale,Maison,174.0,-1.855999,48.67643,4296.120689655172
2024-02-19,220000.0,35288,Saint-Malo,Appartement,44.0,-1.998256,48.635274,5000.0
2024-02-19,540000.0,35288,Saint-Malo,Maison,115.0,-1.973254,48.650851,4695.652173913043
2024-02-13,114000.0,35288,Saint-Malo,Appartement,32.0,-2.018364,48.639327,3562.5
2024-02-28,330665.0,35288,Saint-Malo,Appartement,64.0,-2.024397,48.648631,5166.640625
2024-03-04,245000.0,35093,Dinard,Appartement,44.0,-2.067198,48.629378,5568.181818181818
2024-02-29,360000.0,35093,Dinard,Maison,66.0,-2.065658,48.625178,5454.545454545455
2024-03-04,245000.0,35288,Saint-Malo,Appartement,62.0,-2.001761,48.647227,3951.6129032258063
2024-02-28,670500.0,35288,Saint-Malo,Appartement,84.0,-2.027232,48.646311,7982.142857142857
2024-02-20,283000.0,35288,Saint-Malo,Appartement,45.0,-2.0128,48.623723,6288.888888888889
2024-02-27,491500.0,35288,Saint-Malo,Appartement,84.0,-2.007971,48.652225,5851.190476190476
2024-03-01,105000.0,35288,Saint-Malo,Appartement,32.0,-2.01371,48.636295,3281.25
2024-02-08,160000.0,35288,Saint-Malo,Appartement,34.0,-2.008214,48.648064,4705.882352941177
2024-02-23,460000.0,35093,Dinard,Maison,110.0,-2.072131,48.634288,4181.818181818182
2024-02-14,354500.0,35288,Saint-Malo,Maison,109.0,-1.999036,48.651013,3252.293577981651
2024-02-29,665000.0,35093,Dinard,Maison,171.0,-2.067887,48.634974,3888.8888888888887
2024-02-26,265000.0,35093,Dinard,Appartement,78.0,-2.057314,48.633511,3397.4358974358975
2024-02-26,265000.0,35093,Dinard,Appartement,47.0,-2.057314,48.633511,5638.297872340426
2024-02-21,195000.0,35093,Dinard,Maison,40.0,-2.074784,48.631815,4875.0
2024-02-23,200000.0,35093,Dinard,Appartement,40.0,-2.064951,48.635011,5000.0
2024-02-21,475429.0,35288,Saint-Malo,Maison,100.0,-1.97503,48.651282,4754.29
2024-02-22,220000.0,35288,Saint-Malo,Maison,45.0,-1.995512,48.650226,4888.888888888889
2024-02-27,288000.0,35288,Saint-Malo,Maison,130.0,-1.95739,48.615597,2215.3846153846152
2024-02-27,171920.0,35288,Saint-Malo,Appartement,54.0,-2.011941,48.633274,3183.703703703704
2024-02-26,389000.0,35288,Saint-Malo,Maison,80.0,-2.012427,48.633006,4862.5
2024-02-22,158000.0,35093,Dinard,Appartement,29.0,-2.056617,48.632945,5448.275862068966
2024-02-23,310000.0,35288,Saint-Malo,Appartement,64.0,-2.005593,48.647424,4843.75
2024-01-22,530000.0,35288,Saint-Malo,Appartement,90.0,-2.016944,48.652098,5888.888888888889
2024-02-29,700000.0,35288,Saint-Malo,Maison,163.0,-1.978411,48.652848,4294.478527607362
2024-02-23,2353500.0,35288,Saint-Malo,Maison,293.0,-1.993458,48.659861,8032.423208191126
2024-02-23,1140369.0,35288,Saint-Malo,Appartement,64.0,-1.983661,48.669847,17818.265625
2024-02-23,1140369.0,35288,Saint-Malo,Appartement,50.0,-1.983661,48.669847,22807.38
2024-03-08,995000.0,35288,Saint-Malo,Maison,109.0,-2.008564,48.632832,9128.440366972478
2024-03-06,225000.0,35288,Saint-Malo,Appartement,40.0,-1.970023,48.667392,5625.0
2024-03-01,385000.0,35288,Saint-Malo,Maison,97.0,-1.985003,48.633023,3969.0721649484535
2024-02-21,490125.0,35093,Dinard,Appartement,62.0,-2.067006,48.637933,7905.241935483871
2024-03-06,293000.0,35288,Saint-Malo,Appartement,57.0,-1.969178,48.663963,5140.350877192983
2024-03-11,420000.0,35093,Dinard,Appartement,46.0,-2.051508,48.633816,9130.434782608696
2024-02-28,262000.0,35288,Saint-Malo,Appartement,39.0,-1.988769,48.663088,6717.948717948718
2024-02-28,205000.0,35288,Saint-Malo,Appartement,55.0,-2.014023,48.635751,3727.2727272727275
2024-03-01,78400.0,35288,Saint-Malo,Appartement,20.0,-2.00812,48.645886,3920.0
2024-02-20,313000.0,35288,Saint-Malo,Appartement,65.0,-2.002315,48.648265,4815.384615384615
2024-03-07,313800.0,35288,Saint-Malo,Maison,67.0,-2.00387,48.632359,4683.582089552238
2024-03-11,656000.0,35049,Cancale,Appartement,143.0,-1.852237,48.671028,4587.4125874125875
2024-03-13,130000.0,35288,Saint-Malo,Appartement,31.0,-1.988878,48.658809,4193.548387096775
2024-03-13,383206.0,35288,Saint-Malo,Maison,89.0,-1.959412,48.610583,4305.685393258427
2024-03-13,145000.0,35288,Saint-Malo,Appartement,45.0,-2.01645,48.639064,3222.222222222222
2024-03-15,240000.0,35093,Dinard,Appartement,41.0,-2.064098,48.631631,5853.658536585366
2024-02-23,548500.0,35288,Saint-Malo,Maison,103.0,-1.975885,48.659394,5325.242718446602
2024-02-19,320000.0,35049,Cancale,Appartement,81.0,-1.853636,48.675683,3950.617283950617
2024-03-13,237000.0,35288,Saint-Malo,Appartement,37.0,-1.979399,48.679204,6405.405405405405
2024-03-05,334700.0,35288,Saint-Malo,Maison,90.0,-1.987855,48.635305,3718.8888888888887
2024-03-15,300000.0,35288,Saint-Malo,Appartement,64.0,-2.019138,48.637293,4687.5
2024-03-20,500000.0,35288,Saint-Malo,Maison,250.0,,,2000.0
2024-03-20,132000.0,35288,Saint-Malo,Appartement,28.0,-1.998256,48.635274,4714.285714285715
2024-03-14,100000.0,35288,Saint-Malo,Appartement,43.0,,,2325.5813953488373
2024-03-22,441500.0,35263,Saint-Coulomb,Maison,120.0,-1.907992,48.673074,3679.1666666666665
2024-02-29,250000.0,35288,Saint-Malo,Maison,66.0,-1.984765,48.649999,3787.878787878788
2024-02-29,103500.0,35288,Saint-Malo,Appartement,20.0,-2.02523,48.650121,5175.0
2024-03-11,310000.0,35288,Saint-Malo,Appartement,56.0,-2.017176,48.639394,5535.714285714285
2024-03-19,505000.0,35288,Saint-Malo,Maison,116.0,-2.009369,48.645949,4353.448275862069
2024-03-15,435000.0,35288,Saint-Malo,Appartement,85.0,-2.026528,48.649307,5117.64705882353
2024-03-21,290000.0,35288,Saint-Malo,Maison,112.0,-1.996528,48.618315,2589.285714285714
2024-03-19,291900.0,35288,Saint-Malo,Appartement,70.0,-2.0068,48.649583,4170.0
2024-03-22,225410.0,35288,Saint-Malo,Appartement,42.0,-1.974127,48.67163,5366.9047619047615
2024-03-20,693360.0,35288,Saint-Malo,Maison,115.0,-1.97541,48.679598,6029.217391304348
2024-03-21,235000.0,35288,Saint-Malo,Appartement,40.0,-1.98085,48.660951,5875.0
2024-03-14,222000.0,35288,Saint-Malo,Appartement,87.0,-1.994489,48.640161,2551.7241379310344
2024-03-14,222000.0,35288,Saint-Malo,Appartement,87.0,-1.994489,48.640161,2551.7241379310344
2024-03-08,480000.0,35093,Dinard,Appartement,45.0,-2.055503,48.635496,10666.666666666666
2024-03-25,170000.0,35288,Saint-Malo,Maison,84.0,-1.955459,48.614383,2023.8095238095239
2024-03-26,122510.0,35049,Cancale,Appartement,41.0,-1.852725,48.671921,2988.048780487805
2024-03-08,262440.0,35288,Saint-Malo,Appartement,44.0,-2.025018,48.650542,5964.545454545455
2024-03-07,530000.0,35288,Saint-Malo,Maison,124.0,-1.970998,48.647121,4274.193548387097
2024-03-29,370000.0,35288,Saint-Malo,Appartement,69.0,-2.002877,48.655746,5362.31884057971
2024-03-18,1100000.0,35288,Saint-Malo,Maison,195.0,-2.017707,48.633465,5641.025641025641
2024-03-11,120000.0,35049,Cancale,Appartement,38.0,-1.851513,48.676755,3157.8947368421054
2024-03-14,396450.0,35263,Saint-Coulomb,Maison,76.0,-1.896395,48.685139,5216.4473684210525
2024-03-29,140000.0,35288,Saint-Malo,Appartement,57.0,-1.996174,48.635917,2456.1403508771928
2024-03-26,203000.0,35093,Dinard,Appartement,32.0,-2.062813,48.616841,6343.75
2024-03-26,115000.0,35288,Saint-Malo,Appartement,27.0,-2.003589,48.634504,4259.259259259259
2024-03-27,700000.0,35288,Saint-Malo,Maison,122.0,-1.990376,48.65915,5737.704918032787
2024-03-13,320000.0,35288,Saint-Malo,Appartement,106.0,-2.014476,48.635485,3018.867924528302
2024-04-03,292000.0,35093,Dinard,Appartement,61.0,-2.059148,48.629741,4786.88524590164
2024-03-28,155000.0,35093,Dinard,Appartement,29.0,-2.053376,48.615971,5344.827586206897
2024-03-20,648000.0,35093,Dinard,Appartement,72.0,-2.056252,48.63575,9000.0
2024-03-21,410000.0,35288,Saint-Malo,Appartement,44.0,-1.996592,48.659279,9318.181818181818
2024-03-29,870000.0,35093,Dinard,Appartement,90.0,-2.0537,48.634622,9666.666666666666
2024-03-28,480000.0,35093,Dinard,Appartement,65.0,-2.068188,48.635101,7384.615384615385
2024-03-18,869541.0,35288,Saint-Malo,Maison,150.0,-1.997009,48.629741,5796.94
2024-03-18,869541.0,35288,Saint-Malo,Maison,74.0,-1.997085,48.629976,11750.554054054053
2024-04-03,480000.0,35288,Saint-Malo,Maison,33.0,-1.995209,48.646553,14545.454545454546
2024-03-19,333333.34,35288,Saint-Malo,Maison,78.0,-2.00782,48.649613,4273.504358974359
2024-03-12,550000.0,35288,Saint-Malo,Maison,114.0,-2.00107,48.653834,4824.561403508772
2024-03-18,477000.0,35288,Saint-Malo,Maison,168.0,-1.962893,48.641934,2839.285714285714
2024-03-29,405000.0,35288,Saint-Malo,Appartement,77.0,-2.027575,48.648785,5259.74025974026
2024-03-28,94000.0,35093,Dinard,Appartement,44.0,-2.062886,48.63155,2136.3636363636365
2024-03-25,194750.0,35288,Saint-Malo,Appartement,42.0,-1.974127,48.67163,4636.9047619047615
2024-04-05,205000.0,35288,Saint-Malo,Appartement,40.0,-2.018616,48.638521,5125.0
2024-03-12,525000.0,35288,Saint-Malo,Maison,104.0,-2.007882,48.628252,5048.076923076923
2024-03-13,210000.0,35288,Saint-Malo,Appartement,39.0,-2.006791,48.647649,5384.615384615385
2024-03-28,360000.0,35288,Saint-Malo,Maison,106.0,-1.955237,48.615224,3396.2264150943397
2024-04-04,320000.0,35288,Saint-Malo,Appartement,69.0,-2.008214,48.648064,4637.68115942029
2024-04-04,565250.0,35093,Dinard,Maison,113.0,-2.073236,48.61564,5002.212389380531
2024-03-29,780000.0,35288,Saint-Malo,Appartement,100.0,-1.998047,48.658622,7800.0
2024-03-28,108000.0,35288,Saint-Malo,Maison,101.0,-1.974276,48.681658,1069.3069306930693
2024-03-27,275000.0,35288,Saint-Malo,Maison,74.0,-2.005159,48.63499,3716.2162162162163
2024-03-27,221000.0,35288,Saint-Malo,Appartement,47.0,-2.00272,48.649053,4702.127659574468
2024-03-28,452680.0,35288,Saint-Malo,Maison,97.0,-1.992377,48.647778,4666.80412371134
2024-03-26,180000.0,35093,Dinard,Appartement,45.0,-2.055469,48.631472,4000.0
2024-04-12,74000.0,35288,Saint-Malo,Appartement,21.0,,,3523.809523809524
2024-03-22,160000.0,35093,Dinard,Maison,35.0,-2.060841,48.630723,4571.428571428572
2024-04-09,185000.0,35288,Saint-Malo,Appartement,39.0,-2.005099,48.629722,4743.589743589743
2024-04-03,289437.0,35288,Saint-Malo,Appartement,64.0,-1.970023,48.667392,4522.453125
2024-03-18,300000.0,35288,Saint-Malo,Appartement,56.0,-1.967456,48.681287,5357.142857142857
2024-04-04,1700000.0,35093,Dinard,Maison,106.0,-2.059081,48.63915,16037.735849056604
2024-04-04,1700000.0,35093,Dinard,Maison,106.0,-2.059081,48.63915,16037.735849056604
2024-04-05,310000.0,35049,Cancale,Maison,70.0,-1.868353,48.665257,4428.571428571428
2024-04-05,1099700.0,35288,Saint-Malo,Maison,190.0,-1.977307,48.66068,5787.894736842105
2024-04-12,218000.0,35093,Dinard,Appartement,42.0,-2.076434,48.633785,5190.476190476191
2024-04-12,220000.0,35288,Saint-Malo,Appartement,52.0,-1.990388,48.631748,4230.7692307692305
2024-04-11,350000.0,35288,Saint-Malo,Appartement,71.0,-2.023998,48.648543,4929.577464788732
2024-04-16,327500.0,35093,Dinard,Maison,58.0,-2.03753,48.619073,5646.551724137931
2024-04-10,160000.0,35288,Saint-Malo,Appartement,41.0,-2.010005,48.636852,3902.439024390244
2024-04-10,350000.0,35288,Saint-Malo,Appartement,49.0,-1.987799,48.663616,7142.857142857143
2024-04-15,1600000.0,35288,Saint-Malo,Maison,176.0,-1.999725,48.654793,9090.90909090909
2024-03-22,450000.0,35288,Saint-Malo,Appartement,82.0,-2.005593,48.647424,5487.804878048781
2024-03-26,199600.0,35288,Saint-Malo,Maison,209.0,-2.012276,48.632548,955.023923444976
2024-04-15,600000.0,35288,Saint-Malo,Appartement,101.0,-2.008464,48.634269,5940.59405940594
2024-04-15,600000.0,35288,Saint-Malo,Appartement,99.0,-2.008464,48.634269,6060.606060606061
2024-04-08,195000.0,35093,Dinard,Appartement,25.0,-2.054399,48.633277,7800.0
2024-04-16,290000.0,35093,Dinard,Maison,98.0,-2.068242,48.627937,2959.183673469388
2024-04-12,650000.0,35288,Saint-Malo,Appartement,22.0,-1.989209,48.663835,29545.454545454544
2024-04-12,650000.0,35288,Saint-Malo,Appartement,46.0,-1.989209,48.663835,14130.434782608696
2024-04-12,650000.0,35288,Saint-Malo,Appartement,30.0,-1.989209,48.663835,21666.666666666668
2024-04-05,550000.0,35093,Dinard,Maison,74.0,-2.066508,48.612619,7432.4324324324325
2024-04-12,200000.0,35093,Dinard,Appartement,53.0,-2.053998,48.632813,3773.5849056603774
2024-04-12,370000.0,35093,Dinard,Appartement,54.0,-2.059486,48.637977,6851.851851851852
2024-03-29,197000.0,35093,Dinard,Appartement,54.0,-2.063312,48.630483,3648.1481481481483
2024-04-10,300000.0,35288,Saint-Malo,Appartement,57.0,-1.981784,48.659232,5263.1578947368425
2024-04-03,650000.0,35093,Dinard,Maison,85.0,-2.069901,48.63393,7647.058823529412
2024-04-15,1600000.0,35288,Saint-Malo,Maison,161.0,-1.984993,48.663436,9937.888198757764
2024-04-03,287000.0,35093,Dinard,Maison,70.0,-2.058788,48.622874,4100.0
2024-04-03,575000.0,35093,Dinard,Maison,73.0,-2.076839,48.63101,7876.712328767123
2024-03-31,440000.0,35288,Saint-Malo,Maison,122.0,-1.981928,48.671321,3606.55737704918
2024-04-15,224000.0,35288,Saint-Malo,Appartement,41.0,-2.006347,48.647569,5463.414634146341
2024-04-05,550000.0,35288,Saint-Malo,Appartement,61.0,,,9016.393442622952
2024-04-22,162000.0,35093,Dinard,Appartement,18.0,-2.055116,48.634198,9000.0
2024-04-25,60000.0,35093,Dinard,Appartement,10.0,-2.056252,48.63575,6000.0
2024-04-25,450000.0,35288,Saint-Malo,Maison,50.0,-1.981568,48.650785,9000.0
2024-03-26,420000.0,35288,Saint-Malo,Maison,87.0,-1.99205,48.659901,4827.586206896552
2024-04-19,195000.0,35288,Saint-Malo,Appartement,38.0,-1.971998,48.68148,5131.578947368421
2024-02-22,90000.0,35288,Saint-Malo,Appartement,26.0,-2.010016,48.637118,3461.5384615384614
2024-04-25,240000.0,35049,Cancale,Appartement,64.0,-1.85694,48.68502,3750.0
2024-04-03,260000.0,35093,Dinard,Appartement,40.0,-2.052979,48.634328,6500.0
2024-04-16,2050000.0,35093,Dinard,Maison,214.0,-2.059664,48.638178,9579.43925233645
2024-04-16,2050000.0,35093,Dinard,Maison,18.0,-2.059664,48.638178,113888.88888888889
2024-04-26,675000.0,35288,Saint-Malo,Appartement,62.0,-2.010009,48.633091,10887.09677419355
2024-04-26,675000.0,35288,Saint-Malo,Appartement,73.0,-2.010009,48.633091,9246.575342465754
2024-03-08,765000.0,35288,Saint-Malo,Maison,150.0,-2.017021,48.633604,5100.0
2024-04-04,120000.0,35288,Saint-Malo,Appartement,50.0,-2.002004,48.639841,2400.0
2024-04-19,695000.0,35093,Dinard,Appartement,106.0,-2.057047,48.633881,6556.603773584906
2024-04-12,850000.0,35093,Dinard,Maison,160.0,-2.054962,48.631232,5312.5
2024-04-22,230000.0,35288,Saint-Malo,Appartement,47.0,-2.00745,48.652248,4893.617021276596
2024-04-22,200000.0,35093,Dinard,Appartement,49.0,-2.053358,48.633727,4081.6326530612246
2024-04-19,420000.0,35049,Cancale,Maison,116.0,-1.850349,48.680418,3620.689655172414
2024-04-30,344270.0,35288,Saint-Malo,Appartement,76.0,-2.019385,48.641433,4529.868421052632
2024-04-03,70000.0,35049,Cancale,Maison,89.0,-1.854424,48.701942,786.5168539325842
2024-05-02,167950.0,35093,Dinard,Appartement,20.0,-2.052628,48.634936,8397.5
2024-04-22,166860.0,35093,Dinard,Appartement,39.0,-2.040962,48.616398,4278.461538461538
2024-04-11,186400.0,35049,Cancale,Maison,59.0,-1.870527,48.663331,3159.322033898305
2024-04-08,158824.0,35288,Saint-Malo,Maison,75.0,-2.012409,48.634666,2117.653333333333
2024-04-04,65000.0,35288,Saint-Malo,Appartement,20.0,-2.0246,48.650296,3250.0
2024-04-29,240000.0,35093,Dinard,Appartement,66.0,-2.063939,48.632801,3636.3636363636365
2024-04-29,400000.0,35093,Dinard,Appartement,76.0,-2.062929,48.633713,5263.1578947368425
2024-04-29,717000.0,35288,Saint-Malo,Appartement,128.0,-2.024037,48.648246,5601.5625
2024-04-12,470000.0,35093,Dinard,Maison,63.0,-2.060162,48.629627,7460.31746031746
2024-04-19,179630.0,35288,Saint-Malo,Appartement,37.0,-2.013662,48.633577,4854.864864864865
2024-04-18,360000.0,35288,Saint-Malo,Maison,87.0,-1.998256,48.635274,4137.931034482759
2024-04-26,1.0,35288,Saint-Malo,Appartement,46.0,-1.989183,48.665582,0.021739130434782608
2024-04-24,260000.0,35288,Saint-Malo,Appartement,65.0,-1.986727,48.657138,4000.0
2024-04-24,641120.0,35093,Dinard,Appartement,99.0,-2.055417,48.632523,6475.959595959596
2024-04-12,250000.0,35288,Saint-Malo,Maison,50.0,-2.00936,48.635511,5000.0
2024-04-29,171300.0,35288,Saint-Malo,Appartement,36.0,-2.015347,48.639201,4758.333333333333
2024-04-18,500000.0,35288,Saint-Malo,Maison,84.0,-2.003723,48.654801,5952.380952380952
2024-04-29,172500.0,35288,Saint-Malo,Appartement,32.0,-2.016689,48.634382,5390.625
2024-04-29,342900.0,35288,Saint-Malo,Maison,67.0,,,5117.910447761194
2024-04-23,235540.0,35288,Saint-Malo,Maison,85.0,-1.987774,48.647319,2771.0588235294117
2024-04-29,185000.0,35288,Saint-Malo,Appartement,70.0,,,2642.8571428571427
2024-04-30,293480.0,35288,Saint-Malo,Appartement,60.0,-1.995471,48.657304,4891.333333333333
2024-04-30,496500.0,35049,Cancale,Appartement,39.0,-1.853194,48.671362,12730.76923076923
2024-04-30,496500.0,35049,Cancale,Appartement,40.0,-1.853186,48.671312,12412.5
2024-04-26,500000.0,35049,Cancale,Maison,90.0,-1.869005,48.679145,5555.555555555556
2024-05-07,200000.0,35093,Dinard,Appartement,28.0,-2.063232,48.63211,7142.857142857143
2024-04-18,634550.0,35093,Dinard,Maison,88.0,-2.057336,48.626452,7210.795454545455
2024-04-30,85000.0,35288,Saint-Malo,Appartement,25.0,-2.026359,48.647539,3400.0
2024-04-23,240000.0,35263,Saint-Coulomb,Appartement,62.0,-1.907828,48.674196,3870.967741935484
2024-05-03,561600.0,35288,Saint-Malo,Maison,151.0,-1.993782,48.647197,3719.205298013245
2024-04-19,303000.0,35288,Saint-Malo,Appartement,48.0,-1.984132,48.663361,6312.5
2024-04-30,162000.0,35288,Saint-Malo,Appartement,88.0,-1.99731,48.658744,1840.909090909091
2024-05-07,391950.0,35288,Saint-Malo,Maison,131.0,-1.96953,48.663728,2991.9847328244273
2024-04-26,160000.0,35288,Saint-Malo,Appartement,32.0,-2.008803,48.62096,5000.0
2024-05-03,170000.0,35288,Saint-Malo,Maison,30.0,-1.954516,48.643011,5666.666666666667
2024-04-24,500.0,35093,Dinard,Appartement,27.0,-2.058189,48.630901,18.51851851851852
2024-04-15,355000.0,35093,Dinard,Maison,82.0,-2.049625,48.616946,4329.268292682927
2024-04-19,604530.0,35288,Saint-Malo,Maison,119.0,-1.976991,48.677754,5080.084033613445
2024-04-16,271000.0,35049,Cancale,Maison,79.0,-1.856628,48.671104,3430.3797468354433
2024-04-30,186000.0,35288,Saint-Malo,Appartement,72.0,-2.008165,48.645243,2583.3333333333335
2024-04-29,240000.0,35288,Saint-Malo,Appartement,43.0,-2.009467,48.646611,5581.395348837209
2024-05-07,110000.0,35093,Dinard,Appartement,18.0,-2.049312,48.63569,6111.111111111111
2024-05-16,270000.0,35093,Dinard,Appartement,47.0,-2.059039,48.630309,5744.68085106383
2024-04-25,181900.0,35049,Cancale,Maison,45.0,-1.862058,48.672534,4042.222222222222
2024-01-23,235000.0,35288,Saint-Malo,Appartement,40.0,-2.004204,48.651434,5875.0
2024-05-07,241500.0,35288,Saint-Malo,Appartement,27.0,-2.010842,48.653418,8944.444444444445
2024-04-24,315000.0,35093,Dinard,Appartement,58.0,-2.062363,48.623588,5431.0344827586205
2024-05-02,310000.0,35288,Saint-Malo,Maison,68.0,-1.998777,48.636253,4558.823529411765
2024-04-30,245000.0,35288,Saint-Malo,Appartement,40.0,-1.979378,48.680917,6125.0
2024-04-29,33000.0,35093,Dinard,Appartement,42.0,-2.076434,48.633785,785.7142857142857
2024-04-19,410000.0,35093,Dinard,Appartement,60.0,-2.05784,48.633917,6833.333333333333
2024-05-03,396888.0,35093,Dinard,Maison,80.0,-2.064185,48.631047,4961.1
2024-05-02,100000.0,35288,Saint-Malo,Appartement,25.0,-2.008214,48.648064,4000.0
2024-04-30,350000.0,35288,Saint-Malo,Maison,104.0,-1.995488,48.626027,3365.3846153846152
2024-04-18,496678.0,35093,Dinard,Maison,70.0,-2.072342,48.633322,7095.4
2024-05-15,230000.0,35288,Saint-Malo,Appartement,68.0,-2.026705,48.647708,3382.3529411764707
2024-05-06,160000.0,35093,Dinard,Appartement,25.0,-2.051084,48.634899,6400.0
2024-04-23,200000.0,35049,Cancale,Appartement,41.0,-1.853302,48.701147,4878.048780487805
2024-05-02,810000.0,35288,Saint-Malo,Maison,143.0,-2.002109,48.653551,5664.335664335665
2024-05-06,138000.0,35093,Dinard,Appartement,27.0,-2.055116,48.634198,5111.111111111111
2024-05-03,355000.0,35288,Saint-Malo,Maison,61.0,-2.014252,48.634608,5819.672131147541
2024-05-06,274000.0,35288,Saint-Malo,Maison,83.0,-1.959199,48.60917,3301.2048192771085
2024-05-15,1030000.0,35049,Cancale,Maison,240.0,-1.849355,48.696526,4291.666666666667
2024-05-15,1030000.0,35049,Cancale,Maison,240.0,-1.849355,48.696526,4291.666666666667
2024-05-17,350000.0,35288,Saint-Malo,Appartement,67.0,-2.006931,48.65212,5223.880597014925
2024-05-03,440000.0,35288,Saint-Malo,Appartement,46.0,-2.015919,48.636618,9565.217391304348
2024-05-03,440000.0,35288,Saint-Malo,Appartement,46.0,-2.015919,48.636618,9565.217391304348
2024-05-03,440000.0,35288,Saint-Malo,Appartement,71.0,-2.015919,48.636618,6197.183098591549
2024-05-07,106500.0,35288,Saint-Malo,Appartement,25.0,-1.979709,48.676566,4260.0
2024-04-25,250000.0,35263,Saint-Coulomb,Maison,78.0,-1.927932,48.666371,3205.128205128205
2024-04-26,210500.0,35288,Saint-Malo,Appartement,48.0,-2.01922,48.63444,4385.416666666667
2024-04-29,465000.0,35093,Dinard,Appartement,20.0,-2.031634,48.622731,23250.0
2024-04-29,465000.0,35093,Dinard,Appartement,48.0,-2.031634,48.622731,9687.5
2024-04-30,312000.0,35093,Dinard,Appartement,67.0,-2.063906,48.628233,4656.7164179104475
2024-04-26,400000.0,35049,Cancale,Maison,114.0,-1.850828,48.686289,3508.7719298245615
2024-04-26,400000.0,35049,Cancale,Maison,114.0,-1.850828,48.686289,3508.7719298245615
2024-05-02,370000.0,35288,Saint-Malo,Appartement,64.0,-2.003286,48.656449,5781.25
2024-05-23,262000.0,35288,Saint-Malo,Appartement,50.0,-1.988878,48.658809,5240.0
2024-04-26,240000.0,35049,Cancale,Maison,55.0,-1.857506,48.670559,4363.636363636364
2024-04-29,540000.0,35093,Dinard,Maison,115.0,-2.045115,48.621257,4695.652173913043
2024-05-16,210000.0,35288,Saint-Malo,Appartement,36.0,-2.027017,48.648303,5833.333333333333
2024-05-13,201300.0,35288,Saint-Malo,Maison,40.0,-2.021861,48.635586,5032.5
2024-05-07,982000.0,35288,Saint-Malo,Maison,161.0,-2.017554,48.633931,6099.378881987577
2024-05-16,290000.0,35288,Saint-Malo,Appartement,67.0,-1.962928,48.657448,4328.358208955224
2024-05-15,120000.0,35093,Dinard,Appartement,15.0,-2.057701,48.636959,8000.0
2024-05-17,400000.0,35288,Saint-Malo,Maison,90.0,-1.994028,48.637633,4444.444444444444
2024-05-06,350000.0,35288,Saint-Malo,Appartement,90.0,-2.011849,48.635432,3888.8888888888887
2024-05-15,875000.0,35288,Saint-Malo,Maison,150.0,-1.983919,48.655058,5833.333333333333
2024-05-03,240000.0,35288,Saint-Malo,Appartement,41.0,-2.017821,48.635425,5853.658536585366
2024-05-21,926800.0,35288,Saint-Malo,Appartement,125.0,-2.020139,48.635513,7414.4
2024-05-13,855000.0,35288,Saint-Malo,Maison,150.0,-2.005776,48.624914,5700.0
2024-04-05,160000.0,35288,Saint-Malo,Appartement,38.0,-2.023906,48.650133,4210.526315789473
2024-05-21,590500.0,35093,Dinard,Appartement,54.0,-2.067006,48.637933,10935.185185185184
2024-04-29,155000.0,35093,Dinard,Appartement,27.0,-2.044827,48.624103,5740.740740740741
2024-05-24,250000.0,35288,Saint-Malo,Appartement,58.0,-2.009626,48.645233,4310.3448275862065
2024-05-15,215000.0,35288,Saint-Malo,Appartement,56.0,-2.024173,48.650621,3839.285714285714
2024-05-15,3000.0,35288,Saint-Malo,Appartement,22.0,-2.004842,48.655427,136.36363636363637
2024-05-21,380000.0,35288,Saint-Malo,Maison,77.0,-1.978995,48.665685,4935.064935064935
2024-05-06,115000.0,35093,Dinard,Appartement,23.0,-2.059903,48.63034,5000.0
2024-05-06,231420.0,35288,Saint-Malo,Appartement,64.0,-2.009776,48.639045,3615.9375
2024-05-17,190000.0,35093,Dinard,Appartement,33.0,-2.062043,48.63015,5757.575757575758
2024-05-24,374000.0,35288,Saint-Malo,Maison,83.0,-1.983996,48.651577,4506.024096385542
2024-05-06,220000.0,35093,Dinard,Maison,38.0,-2.062626,48.630348,5789.473684210527
2024-05-07,220000.0,35288,Saint-Malo,Maison,80.0,-2.002788,48.62497,2750.0
2024-05-15,253000.0,35288,Saint-Malo,Appartement,45.0,-2.013351,48.634506,5622.222222222223
2024-05-29,355000.0,35288,Saint-Malo,Maison,119.0,-2.006553,48.633155,2983.1932773109243
2024-05-30,780000.0,35263,Saint-Coulomb,Maison,114.0,-1.949037,48.672834,6842.105263157895
2024-05-30,780000.0,35263,Saint-Coulomb,Maison,114.0,-1.949037,48.672834,6842.105263157895
2024-05-24,90012.0,35288,Saint-Malo,Appartement,24.0,-2.013382,48.635863,3750.5
2024-05-17,330000.0,35288,Saint-Malo,Maison,77.0,-1.996497,48.640292,4285.714285714285
2024-05-27,500000.0,35288,Saint-Malo,Maison,66.0,-2.004052,48.628457,7575.757575757576
2024-05-27,500000.0,35288,Saint-Malo,Maison,10.0,-2.004052,48.628457,50000.0
2024-05-24,430000.0,35288,Saint-Malo,Maison,67.0,-1.992666,48.646145,6417.910447761194
2024-05-27,690300.0,35093,Dinard,Maison,134.0,-2.041123,48.621526,5151.492537313433
2024-05-23,330000.0,35093,Dinard,Maison,60.0,-2.073803,48.628802,5500.0
2024-05-24,216000.0,35288,Saint-Malo,Appartement,54.0,-2.022211,48.635892,4000.0
2024-05-15,360000.0,35288,Saint-Malo,Maison,74.0,-1.984702,48.666923,4864.864864864865
2024-05-24,451000.0,35288,Saint-Malo,Maison,96.0,-1.983142,48.648981,4697.916666666667
2024-05-16,325000.0,35049,Cancale,Maison,67.0,-1.85787,48.670443,4850.746268656716
2024-05-31,305350.0,35288,Saint-Malo,Appartement,57.0,-1.96823,48.681458,5357.017543859649
2024-05-27,440000.0,35288,Saint-Malo,Maison,80.0,-2.004124,48.62854,5500.0
2024-06-01,380000.0,35288,Saint-Malo,Appartement,60.0,-2.016529,48.637142,6333.333333333333
2024-05-22,375726.0,35288,Saint-Malo,Appartement,69.0,-2.027407,48.650413,5445.304347826087
2024-05-25,329871.0,35288,Saint-Malo,Appartement,49.0,-1.998047,48.658622,6732.061224489796
2024-05-22,170130.0,35093,Dinard,Appartement,23.0,-2.058064,48.635729,7396.95652173913
2024-05-17,440000.0,35049,Cancale,Maison,104.0,-1.859944,48.684939,4230.7692307692305
2024-05-29,797300.0,35288,Saint-Malo,Maison,100.0,-2.007871,48.632534,7973.0
2024-05-29,687000.0,35288,Saint-Malo,Appartement,98.0,-2.016689,48.634382,7010.2040816326535
2024-05-31,225000.0,35288,Saint-Malo,Appartement,49.0,-2.010005,48.636852,4591.836734693878
2024-05-31,250000.0,35288,Saint-Malo,Appartement,54.0,-1.989917,48.66163,4629.62962962963
2024-05-29,330000.0,35288,Saint-Malo,Appartement,86.0,-2.027304,48.648064,3837.2093023255816
2024-05-31,197000.0,35288,Saint-Malo,Appartement,32.0,-2.018728,48.639211,6156.25
2024-05-23,100000.0,35288,Saint-Malo,Appartement,33.0,-2.025126,48.647949,3030.3030303030305
2024-06-04,90000.0,35049,Cancale,Maison,69.0,-1.858528,48.669729,1304.3478260869565
2024-05-31,225000.0,35288,Saint-Malo,Appartement,44.0,-2.010764,48.639366,5113.636363636364
2024-06-06,173000.0,35288,Saint-Malo,Appartement,60.0,-2.003095,48.629663,2883.3333333333335
2024-05-31,635000.0,35288,Saint-Malo,Maison,156.0,-2.009546,48.627312,4070.5128205128203
2024-05-28,550000.0,35288,Saint-Malo,Maison,48.0,-2.011872,48.638387,11458.333333333334
2024-05-30,350000.0,35288,Saint-Malo,Maison,80.0,-1.977172,48.66742,4375.0
2024-05-23,153800.0,35288,Saint-Malo,Appartement,40.0,-1.958116,48.608463,3845.0
2024-06-07,176500.0,35288,Saint-Malo,Appartement,34.0,-2.025375,48.648277,5191.176470588235
2024-06-10,247000.0,35288,Saint-Malo,Appartement,40.0,-1.996531,48.649768,6175.0
2024-05-30,495000.0,35093,Dinard,Appartement,89.0,-2.044827,48.624103,5561.797752808989
2024-05-30,245000.0,35093,Dinard,Maison,58.0,-2.070225,48.630653,4224.137931034483
2024-06-07,325000.0,35093,Dinard,Maison,67.0,-2.073723,48.615757,4850.746268656716
2024-06-04,500000.0,35288,Saint-Malo,Maison,139.0,-1.999214,48.634424,3597.122302158273
2024-06-11,370000.0,35288,Saint-Malo,Maison,97.0,-1.979646,48.66706,3814.4329896907216
2024-05-23,236000.0,35093,Dinard,Appartement,39.0,-2.053412,48.634437,6051.282051282052
2024-06-06,180430.0,35288,Saint-Malo,Appartement,48.0,-1.999285,48.633691,3758.9583333333335
2024-06-07,257000.0,35288,Saint-Malo,Maison,75.0,-1.995639,48.64143,3426.6666666666665
2024-06-07,511548.0,35288,Saint-Malo,Maison,146.0,-1.965869,48.681635,3503.753424657534
2024-06-12,200000.0,35288,Saint-Malo,Appartement,41.0,-1.986516,48.659123,4878.048780487805
2024-05-21,141000.0,35093,Dinard,Appartement,28.0,-2.033002,48.625509,5035.714285714285
2024-06-13,65150.0,35288,Saint-Malo,Appartement,16.0,-2.019439,48.634714,4071.875
2024-05-15,395000.0,35288,Saint-Malo,Maison,97.0,-1.99984,48.630886,4072.1649484536083
2024-05-31,273000.0,35288,Saint-Malo,Appartement,68.0,,,4014.705882352941
2024-06-11,170000.0,35093,Dinard,Appartement,95.0,-2.059031,48.633393,1789.4736842105262
2024-05-29,115000.0,35288,Saint-Malo,Appartement,16.0,-2.018157,48.633574,7187.5
2024-06-11,165000.0,35288,Saint-Malo,Appartement,65.0,-1.993057,48.629201,2538.4615384615386
2024-06-05,70000.0,35288,Saint-Malo,Appartement,77.0,-2.019765,48.641679,909.0909090909091
2024-06-04,328500.0,35093,Dinard,Appartement,61.0,-2.05573,48.632748,5385.245901639344
2024-06-07,200000.0,35288,Saint-Malo,Appartement,67.0,-2.024569,48.647873,2985.0746268656717
2024-06-13,535000.0,35288,Saint-Malo,Maison,108.0,-1.963694,48.657363,4953.7037037037035
2024-05-31,56000.0,35288,Saint-Malo,Appartement,8.0,-2.016475,48.638086,7000.0
2024-06-05,246300.0,35288,Saint-Malo,Appartement,55.0,-1.987288,48.65748,4478.181818181818
2024-06-14,292500.0,35288,Saint-Malo,Appartement,100.0,-2.014429,48.63626,2925.0
2024-06-14,186000.0,35288,Saint-Malo,Appartement,45.0,-2.006347,48.647569,4133.333333333333
2024-06-06,970500.0,35288,Saint-Malo,Appartement,55.0,-2.020698,48.636066,17645.454545454544
2024-06-06,970500.0,35288,Saint-Malo,Appartement,58.0,-2.020698,48.636066,16732.758620689656
2024-05-21,175750.0,35093,Dinard,Appartement,70.0,-2.062363,48.623588,2510.714285714286
2024-06-18,175000.0,35288,Saint-Malo,Appartement,34.0,-2.015295,48.638823,5147.058823529412
2024-05-31,1350000.0,35049,Cancale,Maison,264.0,-1.886402,48.692741,5113.636363636364
2024-05-22,120000.0,35288,Saint-Malo,Appartement,33.0,-1.996664,48.635428,3636.3636363636365
2024-05-30,350000.0,35093,Dinard,Appartement,68.0,-2.064903,48.628887,5147.058823529412
2024-06-14,420000.0,35093,Dinard,Appartement,65.0,-2.057908,48.634219,6461.538461538462
2024-06-13,610700.0,35288,Saint-Malo,Maison,129.0,-1.963684,48.657658,4734.108527131783
2024-06-04,450000.0,35093,Dinard,Maison,105.0,-2.056998,48.631179,4285.714285714285
2024-06-03,154953.81,35093,Dinard,Appartement,62.0,-2.040962,48.616398,2499.255
2024-06-03,540000.0,35093,Dinard,Appartement,79.0,-2.056017,48.630787,6835.443037974684
2024-06-18,800000.0,35288,Saint-Malo,Appartement,88.0,-1.989364,48.663081,9090.90909090909
2024-06-04,306000.0,35288,Saint-Malo,Appartement,84.0,-2.011941,48.633274,3642.8571428571427
2024-06-03,400000.0,35288,Saint-Malo,Appartement,46.0,,,8695.652173913044
2024-06-03,400000.0,35288,Saint-Malo,Appartement,46.0,,,8695.652173913044
2024-06-03,400000.0,35288,Saint-Malo,Appartement,46.0,,,8695.652173913044
2024-05-29,228000.0,35288,Saint-Malo,Appartement,44.0,-2.003628,48.652533,5181.818181818182
2024-06-10,285000.0,35093,Dinard,Maison,105.0,-2.070266,48.632065,2714.285714285714
2024-06-14,80000.0,35049,Cancale,Maison,16.0,-1.85656,48.69609,5000.0
2024-06-14,80000.0,35049,Cancale,Maison,16.0,-1.85656,48.69609,5000.0
2024-06-07,423500.0,35093,Dinard,Maison,103.0,-2.059148,48.619837,4111.650485436893
2024-06-04,175000.0,35049,Cancale,Maison,44.0,-1.856104,48.688508,3977.2727272727275
2024-06-20,145000.0,35049,Cancale,Appartement,30.0,-1.852724,48.67247,4833.333333333333
2024-06-18,145000.0,35288,Saint-Malo,Appartement,45.0,-2.018813,48.637412,3222.222222222222
2024-06-12,237000.0,35288,Saint-Malo,Appartement,63.0,-2.00684,48.634524,3761.904761904762
2024-06-21,155000.0,35288,Saint-Malo,Appartement,21.0,-2.018858,48.638162,7380.952380952381
2024-06-19,2200.0,35288,Saint-Malo,Appartement,89.0,-2.017176,48.639394,24.719101123595507
2024-06-03,425000.0,35288,Saint-Malo,Maison,98.0,-2.001881,48.635176,4336.734693877551
2024-06-24,221600.0,35288,Saint-Malo,Maison,88.0,-1.992884,48.633394,2518.181818181818
2024-06-26,333330.0,35288,Saint-Malo,Maison,100.0,-1.989741,48.628958,3333.3
2024-06-26,370000.0,35288,Saint-Malo,Appartement,85.0,-2.017176,48.639394,4352.941176470588
2024-06-04,170000.0,35288,Saint-Malo,Appartement,39.0,-2.01113,48.638896,4358.974358974359
2024-06-21,222950.0,35288,Saint-Malo,Appartement,73.0,-2.016802,48.63525,3054.109589041096
2024-06-13,202000.0,35093,Dinard,Appartement,40.0,-2.070441,48.635962,5050.0
2024-06-14,310000.0,35049,Cancale,Appartement,65.0,-1.869508,48.680409,4769.2307692307695
2024-06-14,552000.0,35049,Cancale,Maison,98.0,-1.854864,48.677137,5632.65306122449
2024-06-22,60000.0,35288,Saint-Malo,Maison,77.0,-1.961649,48.614265,779.2207792207793
2024-06-27,230000.0,35288,Saint-Malo,Appartement,47.0,-2.000587,48.651635,4893.617021276596
2024-06-18,526970.0,35093,Dinard,Maison,130.0,-2.072755,48.624089,4053.6153846153848
2024-06-28,530000.0,35093,Dinard,Maison,104.0,-2.060329,48.635773,5096.153846153846
2024-06-28,200000.0,35288,Saint-Malo,Appartement,46.0,-2.003589,48.634504,4347.826086956522
2024-06-26,540500.0,35288,Saint-Malo,Maison,110.0,-1.983316,48.665119,4913.636363636364
2024-06-26,510000.0,35049,Cancale,Maison,136.0,-1.855847,48.675262,3750.0
2024-06-19,372550.0,35288,Saint-Malo,Appartement,71.0,-2.000572,48.650757,5247.183098591549
2024-06-28,315000.0,35093,Dinard,Appartement,47.0,-2.057314,48.633511,6702.127659574468
2024-06-11,640000.0,35288,Saint-Malo,Maison,135.0,-1.977011,48.663913,4740.740740740741
2024-06-28,135000.0,35093,Dinard,Maison,25.0,-2.072561,48.632097,5400.0
2024-06-20,400000.0,35288,Saint-Malo,Maison,72.0,-1.975261,48.670559,5555.555555555556
2024-06-24,476400.0,35288,Saint-Malo,Maison,118.0,-1.969005,48.663304,4037.2881355932204
2024-06-28,160000.0,35288,Saint-Malo,Appartement,28.0,-1.986516,48.659123,5714.285714285715
2024-07-02,760190.0,35263,Saint-Coulomb,Maison,135.0,-1.935077,48.689951,5631.037037037037
2024-04-05,260000.0,35288,Saint-Malo,Appartement,43.0,-1.979378,48.680917,6046.511627906977
2024-03-18,390312.0,35288,Saint-Malo,Maison,43.0,-1.994727,48.649316,9077.023255813954
2024-07-01,85000.0,35093,Dinard,Appartement,18.0,-2.056355,48.635067,4722.222222222223
2024-07-01,95000.0,35093,Dinard,Appartement,21.0,-2.056355,48.635067,4523.809523809524
2024-06-20,348200.0,35288,Saint-Malo,Appartement,89.0,-2.016475,48.638086,3912.3595505617977
2024-03-29,378180.0,35288,Saint-Malo,Maison,83.0,-1.991621,48.648218,4556.385542168675
2024-06-11,260000.0,35288,Saint-Malo,Appartement,51.0,-2.017973,48.638934,5098.0392156862745
2024-06-25,1455000.0,35288,Saint-Malo,Maison,144.0,-1.993312,48.660695,10104.166666666666
2024-06-10,460000.0,35288,Saint-Malo,Maison,70.0,-2.00128,48.649312,6571.428571428572
2024-03-15,135350.0,35288,Saint-Malo,Appartement,20.0,-2.018514,48.639904,6767.5
2024-06-27,255000.0,35288,Saint-Malo,Maison,88.0,-1.995052,48.634131,2897.7272727272725
2024-06-24,175000.0,35288,Saint-Malo,Appartement,25.0,-1.989209,48.663835,7000.0
2024-06-14,520000.0,35288,Saint-Malo,Appartement,80.0,-2.006329,48.652559,6500.0
2024-06-20,175000.0,35288,Saint-Malo,Appartement,68.0,-1.996752,48.631837,2573.529411764706
2024-06-24,221000.0,35288,Saint-Malo,Appartement,58.0,-1.989816,48.650426,3810.344827586207
2024-06-24,284000.0,35288,Saint-Malo,Appartement,68.0,-1.987118,48.631476,4176.470588235294
2024-06-24,260300.0,35288,Saint-Malo,Appartement,50.0,-2.01983,48.634697,5206.0
2024-05-29,1.0,35288,Saint-Malo,Appartement,37.0,-2.026386,48.6361,0.02702702702702703
2024-06-21,258000.0,35093,Dinard,Maison,53.0,-2.056125,48.632949,4867.924528301887
2024-06-25,103000.0,35288,Saint-Malo,Appartement,24.0,-2.007929,48.648739,4291.666666666667
2024-06-05,1.0,35049,Cancale,Maison,116.0,-1.859854,48.683332,0.008620689655172414
2024-06-24,259358.0,35093,Dinard,Appartement,46.0,-2.044827,48.624103,5638.217391304348
2024-06-28,170000.0,35288,Saint-Malo,Appartement,81.0,-1.994139,48.629533,2098.7654320987654
2024-06-28,1000000.0,35049,Cancale,Maison,194.0,-1.844996,48.678609,5154.639175257732
2024-06-28,110000.0,35288,Saint-Malo,Appartement,26.0,-2.010016,48.637118,4230.7692307692305
2024-07-05,318500.0,35288,Saint-Malo,Appartement,39.0,-1.988769,48.663088,8166.666666666667
2024-06-27,48000.0,35093,Dinard,Appartement,13.0,-2.055443,48.633722,3692.3076923076924
2024-06-20,548875.0,35093,Dinard,Appartement,72.0,-2.057908,48.634219,7623.263888888889
2024-06-28,570000.0,35288,Saint-Malo,Maison,121.0,-1.980596,48.667984,4710.743801652892
2024-06-28,133000.0,35288,Saint-Malo,Appartement,36.0,-2.011069,48.638219,3694.4444444444443
2024-06-14,454000.0,35093,Dinard,Maison,116.0,-2.069508,48.627012,3913.793103448276
2024-07-02,180000.0,35288,Saint-Malo,Appartement,43.0,-1.999581,48.632561,4186.046511627907
2024-06-25,99360.0,35288,Saint-Malo,Appartement,18.0,-1.970398,48.652898,5520.0
2024-07-02,348600.0,35288,Saint-Malo,Appartement,82.0,-2.007576,48.648943,4251.219512195122
2024-07-04,400520.0,35288,Saint-Malo,Appartement,140.0,-2.01804,48.639284,2860.8571428571427
2024-06-27,300000.0,35093,Dinard,Appartement,50.0,-2.059963,48.632011,6000.0
2024-07-02,270000.0,35288,Saint-Malo,Maison,75.0,-1.994721,48.639289,3600.0
2024-07-02,600000.0,35093,Dinard,Maison,113.0,-2.060797,48.629131,5309.734513274337
2024-07-01,190000.0,35288,Saint-Malo,Appartement,38.0,-2.004904,48.627317,5000.0
2024-06-28,163220.0,35288,Saint-Malo,Appartement,42.0,-2.006347,48.647569,3886.190476190476
2024-06-20,140000.0,35288,Saint-Malo,Appartement,47.0,,,2978.723404255319
2024-06-28,225000.0,35288,Saint-Malo,Appartement,71.0,-1.993932,48.629127,3169.0140845070423
2024-07-01,464643.0,35288,Saint-Malo,Maison,99.0,-1.977449,48.669112,4693.363636363636
2024-07-02,73100.0,35288,Saint-Malo,Appartement,21.0,,,3480.9523809523807
2024-07-05,1080000.0,35093,Dinard,Maison,182.0,-2.073175,48.624374,5934.065934065934
2024-06-28,250000.0,35288,Saint-Malo,Maison,65.0,-2.011292,48.633777,3846.153846153846
2024-07-02,300000.0,35093,Dinard,Appartement,74.0,-2.061885,48.632869,4054.054054054054
2024-06-25,3434504.0,35093,Dinard,Maison,70.0,,,49064.34285714286
2024-06-25,145000.0,35093,Dinard,Appartement,24.0,-2.060162,48.632557,6041.666666666667
2024-07-01,220000.0,35093,Dinard,Appartement,41.0,-2.051904,48.6342,5365.8536585365855
2024-07-04,76500.0,35288,Saint-Malo,Appartement,19.0,,,4026.315789473684
2024-06-27,525000.0,35288,Saint-Malo,Appartement,121.0,-2.025779,48.646607,4338.842975206611
2024-06-25,815000.0,35093,Dinard,Maison,160.0,-2.040351,48.624383,5093.75
2024-07-09,775000.0,35049,Cancale,Maison,182.0,-1.857937,48.687927,4258.241758241758
2024-07-09,775000.0,35049,Cancale,Maison,182.0,-1.857937,48.687927,4258.241758241758
2024-06-28,225000.0,35093,Dinard,Appartement,35.0,-2.064951,48.635011,6428.571428571428
2024-06-20,410000.0,35288,Saint-Malo,Appartement,91.0,-2.015295,48.638823,4505.494505494506
2024-07-05,373000.0,35288,Saint-Malo,Appartement,76.0,-1.971958,48.668177,4907.894736842105
2024-07-03,255100.0,35288,Saint-Malo,Appartement,59.0,-1.990175,48.650046,4323.728813559322
2024-05-31,90000.0,35093,Dinard,Appartement,51.0,-2.055722,48.633453,1764.7058823529412
2024-07-04,152000.0,35288,Saint-Malo,Appartement,43.0,,,3534.8837209302324
2024-06-18,290000.0,35288,Saint-Malo,Appartement,46.0,-2.006931,48.65212,6304.347826086957
2024-07-05,675000.0,35288,Saint-Malo,Appartement,30.0,-2.004807,48.655766,22500.0
2024-06-18,219000.0,35288,Saint-Malo,Appartement,40.0,-2.013361,48.636177,5475.0
2024-06-28,315000.0,35288,Saint-Malo,Appartement,74.0,-1.982185,48.655261,4256.756756756757
2024-06-27,487000.0,35288,Saint-Malo,Appartement,85.0,-1.968213,48.6813,5729.411764705882
2024-07-08,565000.0,35288,Saint-Malo,Appartement,129.0,-2.019145,48.640851,4379.84496124031
2024-07-12,20000.0,35288,Saint-Malo,Appartement,39.0,-1.988769,48.663088,512.8205128205128
2024-07-04,205000.0,35288,Saint-Malo,Appartement,33.0,-1.979896,48.657154,6212.121212121212
2024-06-26,73000.0,35288,Saint-Malo,Appartement,19.0,,,3842.1052631578946
2024-06-25,478600.0,35288,Saint-Malo,Maison,76.0,-1.982769,48.652569,6297.368421052632
2024-07-04,340000.0,35049,Cancale,Maison,100.0,-1.868462,48.671211,3400.0
2024-06-26,350000.0,35288,Saint-Malo,Appartement,74.0,-2.010764,48.639366,4729.72972972973
2024-07-05,255000.0,35288,Saint-Malo,Appartement,47.0,-2.012302,48.652329,5425.531914893617
2024-06-28,205000.0,35288,Saint-Malo,Appartement,40.0,-2.02752,48.648294,5125.0
2024-07-12,775000.0,35288,Saint-Malo,Maison,85.0,-1.985755,48.660059,9117.64705882353
2024-07-15,700000.0,35288,Saint-Malo,Maison,161.0,-1.97831,48.661785,4347.826086956522
2024-07-09,700000.0,35288,Saint-Malo,Maison,108.0,-1.970686,48.666307,6481.481481481482
2024-07-09,700000.0,35288,Saint-Malo,Maison,108.0,-1.970686,48.666307,6481.481481481482
2024-07-12,700000.0,35093,Dinard,Maison,138.0,-2.056015,48.61819,5072.463768115942
2024-07-12,700000.0,35093,Dinard,Maison,138.0,-2.056015,48.61819,5072.463768115942
2024-07-12,153150.0,35288,Saint-Malo,Appartement,25.0,-2.025146,48.636701,6126.0
2024-07-12,700000.0,35288,Saint-Malo,Maison,43.0,-1.999201,48.640046,16279.06976744186
2024-07-12,320000.0,35049,Cancale,Maison,130.0,-1.862025,48.681163,2461.5384615384614
2024-07-12,685430.0,35263,Saint-Coulomb,Maison,166.0,-1.916917,48.682432,4129.096385542169
2024-07-05,250000.0,35288,Saint-Malo,Appartement,54.0,-2.001379,48.649806,4629.62962962963
2024-07-04,272000.0,35288,Saint-Malo,Appartement,73.0,-2.024103,48.64728,3726.027397260274
2024-06-28,223000.0,35093,Dinard,Appartement,39.0,-2.064248,48.631928,5717.948717948718
2024-07-02,186500.0,35288,Saint-Malo,Appartement,30.0,-1.979378,48.680917,6216.666666666667
2024-06-27,550000.0,35093,Dinard,Maison,56.0,-2.069561,48.629846,9821.42857142857
2024-06-27,271000.0,35093,Dinard,Appartement,60.0,-2.059018,48.63068,4516.666666666667
2024-07-02,399900.0,35288,Saint-Malo,Appartement,82.0,-2.019315,48.636235,4876.829268292683
2024-07-12,1350000.0,35049,Cancale,Appartement,176.0,-1.844996,48.678609,7670.454545454545
2024-07-18,220000.0,35093,Dinard,Appartement,40.0,-2.060902,48.63512,5500.0
2024-07-01,225000.0,35288,Saint-Malo,Maison,54.0,-1.981097,48.621242,4166.666666666667
2024-07-19,474000.0,35093,Dinard,Appartement,63.0,-2.063375,48.63549,7523.809523809524
2024-06-18,280000.0,35288,Saint-Malo,Maison,73.0,-2.000412,48.631486,3835.6164383561645
2024-07-15,462515.97,35093,Dinard,Maison,92.0,-2.065082,48.633354,5027.3475
2024-07-16,473350.0,35263,Saint-Coulomb,Maison,103.0,-1.90866,48.67755,4595.631067961165
2024-07-18,190740.0,35288,Saint-Malo,Appartement,26.0,-1.99272,48.66043,7336.153846153846
2024-07-18,337650.0,35288,Saint-Malo,Appartement,57.0,-2.002843,48.649411,5923.684210526316
2024-07-18,410000.0,35288,Saint-Malo,Maison,96.0,-1.994731,48.641259,4270.833333333333
2024-06-26,257420.0,35288,Saint-Malo,Appartement,82.0,-1.997346,48.631793,3139.268292682927
2024-07-01,587500.0,35288,Saint-Malo,Maison,129.0,-1.974515,48.647607,4554.263565891473
2024-07-11,195000.0,35288,Saint-Malo,Appartement,38.0,-2.024965,48.648468,5131.578947368421
2024-07-12,286000.0,35288,Saint-Malo,Appartement,38.0,-1.996592,48.659279,7526.315789473684
2024-07-16,325129.0,35093,Dinard,Maison,70.0,-2.042541,48.621811,4644.7
2024-03-14,462185.0,35288,Saint-Malo,Appartement,92.0,-2.016802,48.63525,5023.75
2024-07-15,760000.0,35288,Saint-Malo,Maison,109.0,-1.982524,48.666441,6972.477064220184
2024-07-15,94000.0,35288,Saint-Malo,Appartement,39.0,-2.000691,48.648393,2410.25641025641
2024-07-17,315850.0,35288,Saint-Malo,Appartement,62.0,-1.974127,48.67163,5094.354838709677
2024-07-12,150000.0,35288,Saint-Malo,Appartement,27.0,-2.027407,48.650413,5555.555555555556
2024-06-25,443260.0,35288,Saint-Malo,Appartement,64.0,-1.988856,48.664884,6925.9375
2024-06-25,310000.0,35263,Saint-Coulomb,Maison,79.0,-1.908023,48.675777,3924.0506329113923
2024-07-08,534000.0,35288,Saint-Malo,Maison,138.0,-1.990774,48.657591,3869.5652173913045
2024-07-18,455000.0,35288,Saint-Malo,Appartement,86.0,-2.007958,48.645338,5290.697674418605
2024-07-15,1200000.0,35288,Saint-Malo,Maison,190.0,-2.011744,48.637293,6315.789473684211
2024-07-12,210000.0,35288,Saint-Malo,Appartement,47.0,-1.985194,48.658132,4468.085106382979
2024-07-19,190600.0,35288,Saint-Malo,Appartement,76.0,-1.995319,48.629014,2507.8947368421054
2024-07-18,218000.0,35093,Dinard,Appartement,54.0,-2.063312,48.630483,4037.037037037037
2024-07-18,218000.0,35093,Dinard,Appartement,40.0,-2.063312,48.630483,5450.0
2024-06-21,315000.0,35049,Cancale,Maison,70.0,-1.855971,48.687556,4500.0
2024-07-08,540000.0,35288,Saint-Malo,Maison,134.0,-1.982711,48.667478,4029.8507462686566
2024-07-24,300000.0,35288,Saint-Malo,Appartement,49.0,-2.028153,48.647624,6122.448979591837
2024-07-09,191940.0,35049,Cancale,Maison,89.0,-1.854803,48.677568,2156.629213483146
2024-07-05,250000.0,35049,Cancale,Maison,56.0,-1.866948,48.685136,4464.285714285715
2024-06-18,391000.0,35288,Saint-Malo,Appartement,81.0,-1.984414,48.659147,4827.16049382716
2024-07-19,800000.0,35288,Saint-Malo,Maison,50.0,-2.003318,48.603663,16000.0
2024-06-25,450000.0,35093,Dinard,Appartement,77.0,-2.058007,48.634766,5844.1558441558445
2024-07-15,166100.0,35093,Dinard,Appartement,28.0,-2.063232,48.63211,5932.142857142857
2024-07-01,350000.0,35288,Saint-Malo,Appartement,60.0,-1.969187,48.6815,5833.333333333333
2024-07-19,525000.0,35288,Saint-Malo,Maison,70.0,-1.988238,48.659697,7500.0
2024-07-16,380000.0,35288,Saint-Malo,Maison,92.0,-1.975256,48.668627,4130.434782608696
2024-07-15,170000.0,35288,Saint-Malo,Appartement,31.0,-2.016689,48.634382,5483.870967741936
2024-07-17,290000.0,35288,Saint-Malo,Appartement,54.0,-2.00745,48.652248,5370.37037037037
2024-07-26,267000.0,35288,Saint-Malo,Appartement,52.0,-1.98866,48.662995,5134.615384615385
2024-07-08,200000.0,35288,Saint-Malo,Appartement,51.0,-2.015295,48.638823,3921.5686274509803
2024-07-23,250000.0,35263,Saint-Coulomb,Maison,107.0,-1.934911,48.687485,2336.448598130841
2024-07-23,238200.0,35288,Saint-Malo,Appartement,45.0,-1.974667,48.679422,5293.333333333333
2024-07-01,291000.0,35288,Saint-Malo,Maison,88.0,-1.992506,48.632602,3306.818181818182
2024-07-18,214200.0,35093,Dinard,Appartement,30.0,-2.054612,48.629355,7140.0
2024-07-16,832000.0,35093,Dinard,Appartement,107.0,-2.053936,48.635412,7775.7009345794395
2024-07-09,370000.0,35093,Dinard,Maison,107.0,-2.071452,48.626672,3457.9439252336447
2024-07-24,292000.0,35288,Saint-Malo,Appartement,52.0,-2.024514,48.647716,5615.384615384615
2024-07-18,460600.0,35263,Saint-Coulomb,Maison,101.0,-1.904593,48.675451,4560.39603960396
2024-07-23,73500.0,35288,Saint-Malo,Appartement,27.0,-1.970448,48.659797,2722.222222222222
2024-07-26,2369000.0,35288,Saint-Malo,Maison,180.0,-2.004106,48.656357,13161.111111111111
2024-07-10,5918.0,35288,Saint-Malo,Appartement,52.0,-1.996912,48.658865,113.8076923076923
2024-07-10,5918.0,35288,Saint-Malo,Appartement,52.0,-1.996912,48.658865,113.8076923076923
2024-07-10,5918.0,35288,Saint-Malo,Appartement,62.0,-1.996912,48.658865,95.45161290322581
2024-07-10,5918.0,35288,Saint-Malo,Appartement,54.0,-1.996912,48.658865,109.5925925925926
2024-07-10,5918.0,35288,Saint-Malo,Appartement,40.0,-1.996912,48.658865,147.95
2024-07-10,5918.0,35288,Saint-Malo,Appartement,68.0,-1.996912,48.658865,87.02941176470588
2024-07-19,794000.0,35288,Saint-Malo,Maison,168.0,-1.96264,48.658578,4726.190476190476
2024-07-19,440400.0,35093,Dinard,Maison,93.0,-2.047595,48.619026,4735.4838709677415
2024-07-24,720000.0,35288,Saint-Malo,Maison,160.0,-1.958146,48.660388,4500.0
2024-07-24,720000.0,35288,Saint-Malo,Maison,160.0,-1.958146,48.660388,4500.0
2024-07-23,199488.0,35288,Saint-Malo,Maison,32.0,-1.991483,48.654637,6234.0
2024-07-24,150000.0,35288,Saint-Malo,Appartement,35.0,-2.023099,48.635516,4285.714285714285
2024-07-19,260000.0,35288,Saint-Malo,Maison,90.0,-1.958336,48.612925,2888.8888888888887
2024-07-25,200000.0,35288,Saint-Malo,Appartement,31.0,-2.018047,48.637801,6451.612903225807
2024-07-23,396370.0,35288,Saint-Malo,Appartement,74.0,-2.014621,48.635196,5356.351351351352
2024-07-26,150000.0,35288,Saint-Malo,Appartement,49.0,-2.003589,48.634504,3061.2244897959185
2024-07-29,216000.0,35288,Saint-Malo,Appartement,42.0,-2.015965,48.639261,5142.857142857143
2024-07-09,305280.0,35288,Saint-Malo,Maison,80.0,-1.994678,48.645833,3816.0
2024-07-24,390000.0,35288,Saint-Malo,Maison,90.0,-2.016768,48.636801,4333.333333333333
2024-07-17,680000.0,35288,Saint-Malo,Maison,135.0,-2.003889,48.655195,5037.037037037037
2024-07-29,195000.0,35288,Saint-Malo,Appartement,35.0,-2.015756,48.63297,5571.428571428572
2024-07-11,218750.0,35288,Saint-Malo,Appartement,87.0,-2.011941,48.633274,2514.367816091954
2024-07-26,600000.0,35288,Saint-Malo,Maison,110.0,-2.006681,48.628239,5454.545454545455
2024-07-22,172500.0,35288,Saint-Malo,Appartement,48.0,-2.004445,48.648127,3593.75
2024-07-25,620000.0,35093,Dinard,Maison,150.0,-2.07625,48.633328,4133.333333333333
2024-07-29,185000.0,35288,Saint-Malo,Appartement,30.0,-1.967541,48.658424,6166.666666666667
2024-07-29,130000.0,35288,Saint-Malo,Appartement,35.0,-1.967541,48.658424,3714.285714285714
2024-07-31,104000.0,35288,Saint-Malo,Appartement,28.0,-2.003589,48.634504,3714.285714285714
2024-07-31,436000.0,35093,Dinard,Appartement,75.0,-2.031634,48.622731,5813.333333333333
2024-07-22,334000.0,35288,Saint-Malo,Maison,105.0,-1.983281,48.633778,3180.9523809523807
2024-07-12,570000.0,35093,Dinard,Maison,89.0,-2.060597,48.635267,6404.494382022472
2024-07-16,380000.0,35288,Saint-Malo,Maison,106.0,-1.997145,48.653327,3584.9056603773583
2024-07-25,282500.0,35288,Saint-Malo,Maison,76.0,-1.995667,48.644034,3717.1052631578946
2024-06-24,115350.0,35288,Saint-Malo,Appartement,38.0,-1.970448,48.659797,3035.5263157894738
2024-07-29,215000.0,35288,Saint-Malo,Appartement,41.0,-2.002315,48.648265,5243.90243902439
2024-07-30,104100.0,35288,Saint-Malo,Appartement,23.0,-1.985435,48.631328,4526.086956521739
2024-07-23,238000.0,35263,Saint-Coulomb,Maison,90.0,-1.910529,48.676511,2644.4444444444443
2024-07-26,575000.0,35288,Saint-Malo,Maison,120.0,-1.985126,48.656679,4791.666666666667
2024-07-31,640000.0,35288,Saint-Malo,Maison,122.0,-1.980424,48.650957,5245.901639344263
2024-07-30,239900.0,35288,Saint-Malo,Maison,78.0,-1.995445,48.633954,3075.641025641026
2024-07-31,199500.0,35288,Saint-Malo,Appartement,55.0,-2.018007,48.63951,3627.2727272727275
2024-07-31,220000.0,35288,Saint-Malo,Appartement,45.0,-2.006347,48.647569,4888.888888888889
2024-07-30,180000.0,35288,Saint-Malo,Appartement,47.0,-2.026517,48.648803,3829.7872340425533
2024-07-30,290000.0,35093,Dinard,Appartement,60.0,-2.061394,48.623095,4833.333333333333
2024-08-02,247260.0,35093,Dinard,Appartement,54.0,-2.077956,48.631913,4578.888888888889
2024-07-25,372600.0,35288,Saint-Malo,Appartement,90.0,-2.00918,48.629252,4140.0
2024-07-30,3610000.0,35093,Dinard,Maison,135.0,-2.062232,48.639174,26740.74074074074
2024-08-09,570000.0,35288,Saint-Malo,Maison,84.0,-1.984675,48.660776,6785.714285714285
2024-08-05,408000.0,35093,Dinard,Maison,55.0,-2.060362,48.635196,7418.181818181818
2024-08-06,81500.0,35288,Saint-Malo,Appartement,12.0,-2.0261,48.646812,6791.666666666667
2024-07-25,330000.0,35288,Saint-Malo,Appartement,62.0,-1.969144,48.663033,5322.580645161291
2024-07-24,120000.0,35288,Saint-Malo,Appartement,24.0,-1.970996,48.65356,5000.0
2024-08-06,315000.0,35093,Dinard,Maison,65.0,-2.068911,48.623273,4846.153846153846
2024-08-02,270000.0,35288,Saint-Malo,Maison,72.0,-1.960418,48.615455,3750.0
2024-07-18,193920.0,35288,Saint-Malo,Appartement,20.0,-1.970398,48.652898,9696.0
2024-07-18,193920.0,35288,Saint-Malo,Appartement,18.0,-1.970398,48.652898,10773.333333333334
2024-07-17,340000.0,35288,Saint-Malo,Appartement,100.0,-2.017433,48.638489,3400.0
2024-07-16,180000.0,35288,Saint-Malo,Appartement,40.0,-1.990736,48.659098,4500.0
2024-08-01,370000.0,35288,Saint-Malo,Maison,103.0,-1.996392,48.633991,3592.233009708738
2024-07-29,90000.0,35093,Dinard,Appartement,30.0,-2.053455,48.630237,3000.0
2024-08-09,260000.0,35288,Saint-Malo,Appartement,51.0,-1.987584,48.665301,5098.0392156862745
2024-08-07,510000.0,35093,Dinard,Appartement,65.0,-2.054062,48.634079,7846.153846153846
2024-08-13,220000.0,35049,Cancale,Appartement,42.0,-1.85031,48.676279,5238.0952380952385
2024-08-05,125000.0,35288,Saint-Malo,Appartement,22.0,-2.024515,48.650182,5681.818181818182
2024-07-31,293000.0,35288,Saint-Malo,Appartement,65.0,-1.962928,48.657448,4507.692307692308
2024-08-02,497000.0,35093,Dinard,Appartement,140.0,-2.050144,48.634065,3550.0
2024-07-25,652000.0,35288,Saint-Malo,Appartement,130.0,-2.024037,48.648246,5015.384615384615
2024-07-26,340000.0,35093,Dinard,Appartement,67.0,-2.063906,48.628233,5074.626865671642
2024-08-14,570000.0,35049,Cancale,Maison,68.0,-1.852228,48.672795,8382.35294117647
2024-08-08,497200.0,35288,Saint-Malo,Maison,66.0,-1.998653,48.651926,7533.333333333333
2024-08-01,270000.0,35288,Saint-Malo,Maison,82.0,-1.984249,48.635799,3292.682926829268
2024-08-01,428000.0,35288,Saint-Malo,Appartement,97.0,-2.018371,48.639419,4412.371134020618
2024-08-02,280000.0,35049,Cancale,Maison,45.0,-1.858049,48.672968,6222.222222222223
2024-07-25,361192.0,35288,Saint-Malo,Maison,77.0,-1.977588,48.662334,4690.805194805195
2024-08-05,542000.0,35288,Saint-Malo,Appartement,99.0,-2.016802,48.63525,5474.747474747474
2024-08-01,145000.0,35288,Saint-Malo,Appartement,40.0,-2.017609,48.640894,3625.0
2024-08-08,510000.0,35288,Saint-Malo,Appartement,99.0,-2.024425,48.647826,5151.515151515152
2024-08-01,300000.0,35288,Saint-Malo,Maison,88.0,-1.980136,48.665649,3409.090909090909
2024-08-27,80708.0,35288,Saint-Malo,Appartement,28.0,-1.996174,48.635917,2882.4285714285716
2024-08-08,268300.0,35288,Saint-Malo,Appartement,45.0,-1.967709,48.679941,5962.222222222223
2024-08-08,700000.0,35288,Saint-Malo,Maison,82.0,-1.980024,48.654381,8536.585365853658
2024-08-08,700000.0,35288,Saint-Malo,Maison,21.0,-1.980024,48.654381,33333.333333333336
2024-08-14,495000.0,35093,Dinard,Appartement,84.0,-2.051904,48.6342,5892.857142857143
2024-08-23,540000.0,35093,Dinard,Maison,86.0,-2.056107,48.632791,6279.069767441861
2024-08-20,352000.0,35288,Saint-Malo,Maison,96.0,-2.001657,48.63584,3666.6666666666665
2024-08-02,313605.0,35093,Dinard,Maison,78.0,-2.064277,48.626334,4020.576923076923
2024-07-23,190000.0,35093,Dinard,Appartement,24.0,-2.054726,48.628481,7916.666666666667
2024-08-08,310000.0,35093,Dinard,Maison,74.0,-2.071874,48.626236,4189.189189189189
2024-08-06,340000.0,35093,Dinard,Appartement,67.0,-2.063906,48.628233,5074.626865671642
2024-08-13,215000.0,35093,Dinard,Appartement,35.0,-2.058066,48.633493,6142.857142857143
2024-08-02,130000.0,35288,Saint-Malo,Appartement,30.0,-2.018334,48.638052,4333.333333333333
2024-08-08,245000.0,35093,Dinard,Appartement,41.0,-2.058669,48.632971,5975.609756097561
2024-08-29,375000.0,35093,Dinard,Appartement,67.0,-2.062375,48.633068,5597.014925373134
2024-08-20,238500.0,35288,Saint-Malo,Appartement,41.0,-1.978576,48.65681,5817.073170731707
2024-08-23,325000.0,35288,Saint-Malo,Appartement,90.0,-2.023831,48.650044,3611.1111111111113
2024-08-01,62500.0,35288,Saint-Malo,Appartement,25.0,-2.00684,48.634524,2500.0
2024-08-20,1490000.0,35288,Saint-Malo,Appartement,211.0,-2.001916,48.656789,7061.611374407583
2024-08-20,1490000.0,35288,Saint-Malo,Appartement,34.0,-2.001916,48.656789,43823.529411764706
2024-09-02,420000.0,35288,Saint-Malo,Maison,174.0,-1.998811,48.618659,2413.793103448276
2024-09-02,420000.0,35288,Saint-Malo,Maison,174.0,-1.998811,48.618659,2413.793103448276
2024-08-29,144000.0,35288,Saint-Malo,Appartement,40.0,-1.958116,48.608463,3600.0
2024-09-04,227000.0,35288,Saint-Malo,Appartement,72.0,-1.996174,48.635917,3152.777777777778
2024-08-19,145000.0,35288,Saint-Malo,Appartement,33.0,-2.00745,48.652248,4393.939393939394
2024-08-28,105000.0,35288,Saint-Malo,Appartement,22.0,-2.017686,48.639808,4772.727272727273
2024-08-19,490000.0,35093,Dinard,Appartement,65.0,-2.058405,48.636465,7538.461538461538
2024-08-20,2090000.0,35093,Dinard,Maison,203.0,-2.05859,48.638589,10295.566502463054
2024-08-30,878100.0,35288,Saint-Malo,Maison,145.0,-1.968508,48.682807,6055.862068965517
2024-08-30,590000.0,35093,Dinard,Maison,99.0,-2.074002,48.635824,5959.595959595959
2024-08-29,510212.0,35093,Dinard,Appartement,103.0,-2.064741,48.63131,4953.514563106796
2024-08-14,315000.0,35049,Cancale,Maison,194.0,-1.850764,48.674646,1623.7113402061855
2024-08-28,299560.0,35093,Dinard,Appartement,52.0,-2.057606,48.627268,5760.7692307692305
2024-08-19,414000.0,35288,Saint-Malo,Maison,76.0,-2.001652,48.648275,5447.368421052632
2024-09-04,200500.0,35093,Dinard,Appartement,42.0,-2.061918,48.634661,4773.809523809524
2024-08-29,478345.0,35093,Dinard,Appartement,80.0,-2.056097,48.629042,5979.3125
2024-08-12,148700.0,35288,Saint-Malo,Appartement,30.0,-1.98263,48.656798,4956.666666666667
2024-08-29,245300.0,35288,Saint-Malo,Appartement,61.0,-1.999868,48.634287,4021.311475409836
2024-08-30,300960.0,35093,Dinard,Appartement,38.0,-2.052762,48.631067,7920.0
2024-09-04,161605.0,35093,Dinard,Maison,160.0,-2.060434,48.636766,1010.03125
2024-09-04,161605.0,35093,Dinard,Maison,160.0,-2.060434,48.636766,1010.03125
2024-08-19,810000.0,35288,Saint-Malo,Maison,119.0,-2.011499,48.638861,6806.72268907563
2024-08-12,510000.0,35263,Saint-Coulomb,Maison,88.0,-1.951095,48.674061,5795.454545454545
2024-08-12,510000.0,35263,Saint-Coulomb,Maison,88.0,-1.951095,48.674061,5795.454545454545
2024-08-19,107000.0,35049,Cancale,Appartement,26.0,-1.852451,48.671115,4115.384615384615
2024-09-02,647350.0,35288,Saint-Malo,Maison,142.0,-1.970871,48.649161,4558.802816901409
2024-08-20,262000.0,35288,Saint-Malo,Maison,74.0,-1.994767,48.636902,3540.5405405405404
2024-08-30,1200000.0,35288,Saint-Malo,Maison,231.0,-1.984495,48.662794,5194.805194805195
2024-08-27,324000.0,35288,Saint-Malo,Appartement,68.0,-2.014266,48.632775,4764.705882352941
2024-08-28,145000.0,35288,Saint-Malo,Appartement,42.0,-1.957209,48.609175,3452.3809523809523
2024-08-14,1870000.0,35288,Saint-Malo,Appartement,46.0,-1.990301,48.657996,40652.17391304348
2024-08-14,1870000.0,35288,Saint-Malo,Appartement,46.0,-1.990301,48.657996,40652.17391304348
2024-08-14,1870000.0,35288,Saint-Malo,Maison,258.0,-1.990301,48.657996,7248.062015503876
2024-09-04,352000.0,35288,Saint-Malo,Appartement,65.0,-1.982181,48.654905,5415.384615384615
2024-09-02,195000.0,35288,Saint-Malo,Maison,32.0,-1.979399,48.679204,6093.75
2024-09-06,300000.0,35093,Dinard,Appartement,64.0,-2.062139,48.624572,4687.5
2024-09-06,470000.0,35263,Saint-Coulomb,Maison,103.0,-1.935083,48.689014,4563.1067961165045
2024-09-02,138625.0,35288,Saint-Malo,Appartement,25.0,-2.022782,48.63576,5545.0
2024-09-06,170000.0,35093,Dinard,Appartement,37.0,-2.056307,48.631077,4594.594594594595
2024-09-05,500000.0,35288,Saint-Malo,Maison,98.0,-1.978875,48.669511,5102.040816326531
2024-08-23,583762.0,35288,Saint-Malo,Maison,108.0,-1.986616,48.663284,5405.2037037037035
2024-08-28,257600.0,35288,Saint-Malo,Maison,93.0,-1.994539,48.630869,2769.8924731182797
2024-08-22,195000.0,35288,Saint-Malo,Appartement,48.0,-2.013351,48.634506,4062.5
2024-07-18,342000.0,35263,Saint-Coulomb,Maison,79.0,-1.910818,48.678123,4329.113924050633
2024-08-17,516000.0,35263,Saint-Coulomb,Maison,152.0,-1.908404,48.674437,3394.7368421052633
2024-08-30,1145700.0,35263,Saint-Coulomb,Maison,315.0,-1.884198,48.6853,3637.1428571428573
2024-09-02,210000.0,35288,Saint-Malo,Appartement,67.0,-1.996174,48.635917,3134.3283582089553
2024-08-30,134023.0,35288,Saint-Malo,Appartement,54.0,-1.996034,48.647276,2481.9074074074074
2024-09-04,185000.0,35288,Saint-Malo,Appartement,18.0,-2.028169,48.649834,10277.777777777777
2024-08-27,519846.0,35288,Saint-Malo,Appartement,98.0,-1.981784,48.659232,5304.551020408163
2024-08-28,769000.0,35263,Saint-Coulomb,Maison,119.0,-1.915926,48.674978,6462.18487394958
2024-08-26,650000.0,35288,Saint-Malo,Maison,115.0,-1.976396,48.650957,5652.173913043478
2024-09-03,175000.0,35288,Saint-Malo,Appartement,33.0,-2.020277,48.636817,5303.030303030303
2024-09-06,123370.0,35093,Dinard,Appartement,23.0,-2.057613,48.626156,5363.913043478261
2024-09-06,187000.0,35093,Dinard,Appartement,42.0,-2.04491,48.616875,4452.380952380952
2024-08-29,735000.0,35093,Dinard,Appartement,80.0,-2.056252,48.63575,9187.5
2024-08-20,260000.0,35288,Saint-Malo,Appartement,64.0,-1.967456,48.681287,4062.5
2024-09-06,300000.0,35288,Saint-Malo,Maison,101.0,-1.950798,48.62396,2970.29702970297
2024-08-27,420000.0,35093,Dinard,Maison,58.0,-2.060776,48.637157,7241.379310344828
2024-09-10,435000.0,35093,Dinard,Appartement,192.0,-2.055469,48.631472,2265.625
2024-08-30,189710.0,35049,Cancale,Appartement,42.0,-1.86287,48.682802,4516.9047619047615
2024-09-06,273350.0,35049,Cancale,Appartement,68.0,-1.869508,48.680409,4019.8529411764707
2024-09-06,537150.0,35093,Dinard,Maison,130.0,-2.064862,48.631827,4131.923076923077
2024-09-06,,35288,Saint-Malo,Appartement,45.0,-1.996034,48.647276,
2024-09-06,114363.0,35288,Saint-Malo,Appartement,45.0,-1.996034,48.647276,2541.4
2024-09-09,607750.0,35288,Saint-Malo,Appartement,29.0,-2.006017,48.650786,20956.896551724138
2024-09-09,607750.0,35288,Saint-Malo,Maison,149.0,-2.006017,48.650786,4078.8590604026845
2024-09-06,220000.0,35288,Saint-Malo,Maison,169.0,-1.992262,48.614766,1301.775147928994
2024-09-10,300000.0,35288,Saint-Malo,Appartement,72.0,-1.999107,48.650809,4166.666666666667
2024-08-30,120000.0,35288,Saint-Malo,Appartement,63.0,-1.995319,48.629014,1904.7619047619048
2024-08-29,640000.0,35049,Cancale,Appartement,40.0,-1.853483,48.695314,16000.0
2024-08-29,640000.0,35049,Cancale,Maison,140.0,-1.853483,48.695314,4571.428571428572
2024-09-03,480000.0,35288,Saint-Malo,Appartement,130.0,-2.017055,48.636744,3692.3076923076924
2024-08-30,470000.0,35288,Saint-Malo,Maison,129.0,-1.999772,48.634968,3643.4108527131784
2024-09-13,279000.0,35288,Saint-Malo,Maison,98.0,-1.958026,48.613285,2846.938775510204
2024-09-11,165000.0,35288,Saint-Malo,Appartement,71.0,-1.957978,48.61437,2323.943661971831
2024-09-03,366089.0,35093,Dinard,Appartement,46.0,-2.048852,48.635469,7958.45652173913
2024-08-26,170000.0,35288,Saint-Malo,Appartement,44.0,-1.962928,48.657448,3863.6363636363635
2024-07-26,450000.0,35288,Saint-Malo,Appartement,84.0,-2.024049,48.650948,5357.142857142857
2024-09-11,230000.0,35288,Saint-Malo,Appartement,39.0,-2.013215,48.635835,5897.4358974358975
2024-09-09,280000.0,35288,Saint-Malo,Appartement,74.0,-2.026071,48.635981,3783.7837837837837
2024-08-27,420000.0,35049,Cancale,Maison,87.0,-1.852404,48.681754,4827.586206896552
2024-08-28,716000.0,35288,Saint-Malo,Maison,87.0,-2.012453,48.62791,8229.885057471265
2024-09-04,250000.0,35288,Saint-Malo,Appartement,67.0,-2.001317,48.654173,3731.3432835820895
2024-09-10,175000.0,35093,Dinard,Maison,39.0,-2.041356,48.619122,4487.179487179487
2024-09-02,1045000.0,35288,Saint-Malo,Appartement,47.0,-2.010036,48.635466,22234.042553191488
2024-09-02,1045000.0,35288,Saint-Malo,Appartement,102.0,-2.010036,48.635466,10245.098039215687
2024-09-02,1045000.0,35288,Saint-Malo,Appartement,54.0,-2.010036,48.635466,19351.85185185185
2024-09-09,250000.0,35093,Dinard,Appartement,42.0,-2.064903,48.628887,5952.380952380952
2024-09-20,265000.0,35288,Saint-Malo,Maison,65.0,-1.990989,48.645233,4076.923076923077
2024-08-29,270000.0,35093,Dinard,Appartement,57.0,-2.061002,48.62896,4736.8421052631575
2024-09-12,530000.0,35093,Dinard,Appartement,96.0,-2.053377,48.633608,5520.833333333333
2024-09-19,765000.0,35288,Saint-Malo,Appartement,96.0,-2.00836,48.62682,7968.75
2024-09-19,765000.0,35288,Saint-Malo,Appartement,28.0,-2.00836,48.62682,27321.428571428572
2024-09-12,292450.0,35263,Saint-Coulomb,Maison,96.0,-1.906143,48.673866,3046.3541666666665
2024-09-12,332000.0,35093,Dinard,Appartement,43.0,-2.057484,48.626414,7720.930232558139
2024-09-12,332000.0,35093,Dinard,Appartement,24.0,-2.057484,48.626414,13833.333333333334
2024-09-16,250000.0,35093,Dinard,Maison,40.0,-2.06786,48.627416,6250.0
2024-08-28,500000.0,35288,Saint-Malo,Maison,169.0,-2.000212,48.615871,2958.579881656805
2024-09-20,215000.0,35288,Saint-Malo,Appartement,34.0,-1.987288,48.65748,6323.529411764706
2024-09-16,725000.0,35288,Saint-Malo,Maison,150.0,-2.004272,48.636904,4833.333333333333
2024-09-16,725000.0,35288,Saint-Malo,Maison,150.0,-2.004272,48.636904,4833.333333333333
2024-08-30,66400.0,35288,Saint-Malo,Appartement,27.0,-1.990272,48.632456,2459.259259259259
2024-09-17,177000.0,35049,Cancale,Maison,50.0,-1.855132,48.675075,3540.0
2024-09-04,350000.0,35288,Saint-Malo,Maison,88.0,-1.980928,48.652301,3977.2727272727275
2024-09-13,285000.0,35288,Saint-Malo,Maison,104.0,-1.988477,48.634523,2740.3846153846152
2024-08-29,180000.0,35288,Saint-Malo,Appartement,69.0,-1.997099,48.630851,2608.695652173913
2024-08-30,328125.0,35288,Saint-Malo,Maison,90.0,-1.996125,48.644222,3645.8333333333335
2024-09-19,349500.0,35288,Saint-Malo,Maison,25.0,-1.987408,48.6593,13980.0
2024-09-19,349500.0,35288,Saint-Malo,Maison,94.0,-1.987408,48.6593,3718.0851063829787
2024-08-24,136800.0,35049,Cancale,Maison,70.0,-1.858632,48.669991,1954.2857142857142
2024-09-07,430000.0,35093,Dinard,Maison,92.0,-2.060831,48.628593,4673.913043478261
2024-09-12,198000.0,35288,Saint-Malo,Appartement,42.0,-1.990175,48.650046,4714.285714285715
2024-09-17,925000.0,35288,Saint-Malo,Maison,148.0,-2.011459,48.634978,6250.0
2024-08-27,420000.0,35288,Saint-Malo,Maison,56.0,-2.000256,48.651484,7500.0
2024-09-13,305500.0,35093,Dinard,Appartement,44.0,-2.060351,48.634277,6943.181818181818
2024-09-20,355000.0,35288,Saint-Malo,Maison,82.0,-1.985203,48.633022,4329.268292682927
2024-09-20,1100000.0,35093,Dinard,Maison,129.0,-2.066373,48.636164,8527.131782945737
2024-09-23,190000.0,35288,Saint-Malo,Appartement,95.0,-1.994139,48.629533,2000.0
2024-09-11,95000.0,35288,Saint-Malo,Appartement,18.0,,,5277.777777777777
2024-09-13,1029000.0,35288,Saint-Malo,Maison,188.0,-1.981435,48.645241,5473.404255319149
2024-09-13,1029000.0,35288,Saint-Malo,Maison,188.0,-1.981435,48.645241,5473.404255319149
2024-09-23,234550.0,35049,Cancale,Appartement,56.0,-1.852795,48.676072,4188.392857142857
2024-09-17,220000.0,35288,Saint-Malo,Appartement,78.0,-1.997099,48.630851,2820.5128205128203
2024-09-13,189000.0,35288,Saint-Malo,Appartement,40.0,-2.02752,48.648294,4725.0
2024-09-19,240000.0,35093,Dinard,Maison,90.0,-2.074622,48.631006,2666.6666666666665
2024-09-16,1620000.0,35288,Saint-Malo,Maison,189.0,-2.007611,48.654847,8571.42857142857
2024-08-29,186915.0,35288,Saint-Malo,Appartement,43.0,-2.027575,48.649076,4346.860465116279
2024-09-19,440000.0,35288,Saint-Malo,Maison,102.0,-1.985881,48.646185,4313.725490196079
2024-08-30,397000.0,35288,Saint-Malo,Appartement,61.0,-2.003384,48.650288,6508.196721311476
2024-09-10,490000.0,35288,Saint-Malo,Maison,89.0,-1.975707,48.658932,5505.61797752809
2024-09-13,152175.0,35288,Saint-Malo,Appartement,36.0,-1.984468,48.657568,4227.083333333333
2024-09-06,415000.0,35288,Saint-Malo,Maison,154.0,-1.987867,48.63282,2694.805194805195
2024-09-23,436650.0,35093,Dinard,Maison,138.0,-2.068359,48.619281,3164.1304347826085
2024-09-10,305000.0,35288,Saint-Malo,Maison,84.0,-2.005043,48.620522,3630.9523809523807
2024-09-26,777800.0,35288,Saint-Malo,Maison,140.0,-1.976975,48.662822,5555.714285714285
2024-09-20,330000.0,35288,Saint-Malo,Maison,45.0,-1.983679,48.66078,7333.333333333333
2024-09-19,171000.0,35288,Saint-Malo,Appartement,68.0,-1.996752,48.631837,2514.705882352941
2024-09-30,983000.0,35093,Dinard,Appartement,96.0,-2.051239,48.632601,10239.583333333334
2024-09-27,195700.0,35049,Cancale,Appartement,46.0,-1.869508,48.680409,4254.347826086957
2024-09-27,2181175.0,35093,Dinard,Maison,120.0,-2.034997,48.625624,18176.458333333332
2024-10-03,200000.0,35093,Dinard,Appartement,46.0,-2.061881,48.635011,4347.826086956522
2024-09-20,450000.0,35093,Dinard,Maison,90.0,-2.077022,48.634308,5000.0
2024-09-24,492400.0,35288,Saint-Malo,Appartement,53.0,-2.019315,48.636235,9290.566037735849
2024-09-05,212000.0,35049,Cancale,Maison,54.0,-1.85528,48.696975,3925.925925925926
2024-08-08,492000.0,35093,Dinard,Appartement,76.0,-2.065462,48.637547,6473.684210526316
2024-10-01,479400.0,35288,Saint-Malo,Maison,100.0,-1.985465,48.65809,4794.0
2024-10-01,200000.0,35288,Saint-Malo,Appartement,78.0,-2.008828,48.646529,2564.102564102564
2024-09-23,135810.0,35288,Saint-Malo,Appartement,34.0,-1.998015,48.64069,3994.4117647058824
2024-09-23,305000.0,35049,Cancale,Appartement,68.0,-1.85272,48.681513,4485.294117647059
2024-09-23,305000.0,35049,Cancale,Appartement,50.0,-1.85272,48.681513,6100.0
2024-09-30,360000.0,35288,Saint-Malo,Appartement,68.0,-2.016353,48.633404,5294.117647058823
2024-09-25,430000.0,35288,Saint-Malo,Appartement,70.0,-1.980926,48.636349,6142.857142857143
2024-09-25,430000.0,35288,Saint-Malo,Appartement,30.0,-1.980926,48.636349,14333.333333333334
2024-09-27,395000.0,35288,Saint-Malo,Appartement,103.0,-2.017772,48.637629,3834.9514563106795
2024-09-16,345000.0,35288,Saint-Malo,Appartement,40.0,-2.023998,48.648543,8625.0
2024-09-26,235000.0,35288,Saint-Malo,Appartement,46.0,-2.004552,48.648835,5108.695652173913
2024-09-30,282000.0,35288,Saint-Malo,Appartement,62.0,-2.008277,48.644455,4548.387096774193
2024-09-23,215000.0,35049,Cancale,Maison,45.0,-1.883666,48.692948,4777.777777777777
2024-09-23,215000.0,35049,Cancale,Maison,15.0,-1.883666,48.692948,14333.333333333334
2024-09-19,147500.0,35288,Saint-Malo,Appartement,40.0,-1.958116,48.608463,3687.5
2024-10-04,360000.0,35288,Saint-Malo,Appartement,34.0,-1.982057,48.646469,10588.235294117647
2024-10-04,360000.0,35288,Saint-Malo,Appartement,39.0,-1.982057,48.646469,9230.76923076923
2024-09-23,390000.0,35288,Saint-Malo,Appartement,73.0,-2.012271,48.635939,5342.465753424657
2024-10-03,560000.0,35288,Saint-Malo,Appartement,110.0,-2.011578,48.634488,5090.909090909091
2024-09-26,705000.0,35049,Cancale,Maison,160.0,-1.848342,48.681564,4406.25
2024-10-01,346450.0,35288,Saint-Malo,Appartement,61.0,-2.025372,48.634935,5679.508196721312
2024-09-27,282000.0,35288,Saint-Malo,Maison,87.0,-1.999183,48.620145,3241.3793103448274
2024-09-30,81650.0,35288,Saint-Malo,Appartement,19.0,-2.01368,48.634277,4297.368421052632
2024-10-03,105000.0,35288,Saint-Malo,Appartement,26.0,-2.014815,48.635467,4038.4615384615386
2024-10-01,222000.0,35288,Saint-Malo,Appartement,39.0,-1.984533,48.659651,5692.307692307692
2024-09-25,250000.0,35288,Saint-Malo,Appartement,56.0,-2.017271,48.651993,4464.285714285715
2024-09-27,500000.0,35263,Saint-Coulomb,Maison,110.0,-1.935957,48.688564,4545.454545454545
2024-09-25,260000.0,35288,Saint-Malo,Appartement,60.0,-2.005943,48.645789,4333.333333333333
2024-09-12,394000.0,35049,Cancale,Maison,75.0,-1.853449,48.70272,5253.333333333333
2024-09-18,143978.4,35049,Cancale,Appartement,44.0,-1.85047,48.675004,3272.2363636363634
2024-09-10,300000.0,35049,Cancale,Maison,80.0,-1.854141,48.68975,3750.0
2024-10-02,558630.0,35288,Saint-Malo,Maison,122.0,-1.988415,48.655149,4578.934426229508
2024-10-07,199700.0,35288,Saint-Malo,Appartement,57.0,-1.958116,48.608463,3503.5087719298244
2024-09-30,252000.0,35288,Saint-Malo,Appartement,51.0,-2.017435,48.636492,4941.176470588235
2024-09-27,240000.0,35288,Saint-Malo,Maison,98.0,-1.990282,48.626195,2448.9795918367345
2024-09-18,313188.4,35288,Saint-Malo,Appartement,64.0,-2.010741,48.63849,4893.56875
2024-09-18,230000.0,35093,Dinard,Appartement,42.0,-2.0655,48.618725,5476.190476190476
2024-09-30,360000.0,35288,Saint-Malo,Appartement,74.0,-1.984332,48.658384,4864.864864864865
2024-09-30,325000.0,35263,Saint-Coulomb,Maison,101.0,-1.912173,48.672258,3217.8217821782177
2024-10-03,317000.0,35288,Saint-Malo,Appartement,74.0,-2.024061,48.64779,4283.783783783784
2024-09-30,360000.0,35288,Saint-Malo,Appartement,52.0,-2.02622,48.636471,6923.076923076923
2024-09-30,360000.0,35288,Saint-Malo,Appartement,52.0,-2.02622,48.636471,6923.076923076923
2024-10-02,120000.0,35288,Saint-Malo,Appartement,32.0,-2.012217,48.633346,3750.0
2024-09-19,210390.0,35093,Dinard,Appartement,50.0,-2.05759,48.634993,4207.8
2024-10-01,335000.0,35288,Saint-Malo,Appartement,48.0,-1.998047,48.658622,6979.166666666667
2024-09-30,650000.0,35288,Saint-Malo,Maison,114.0,-1.959404,48.644994,5701.754385964912
2024-09-19,58000.0,35288,Saint-Malo,Appartement,19.0,-2.004607,48.655246,3052.6315789473683
2024-10-15,160000.0,35288,Saint-Malo,Appartement,28.0,-2.008635,48.647629,5714.285714285715
2024-09-30,400000.0,35288,Saint-Malo,Maison,88.0,-1.977734,48.669421,4545.454545454545
2024-10-14,340000.0,35288,Saint-Malo,Maison,87.0,-2.002856,48.619492,3908.0459770114944
2024-10-11,235900.0,35288,Saint-Malo,Appartement,42.0,-2.010127,48.637111,5616.666666666667
2024-09-20,331500.0,35288,Saint-Malo,Appartement,81.0,-2.025105,48.648524,4092.5925925925926
2024-09-25,140000.0,35093,Dinard,Maison,59.0,-2.068112,48.611716,2372.8813559322034
2024-10-10,410000.0,35093,Dinard,Appartement,100.0,-2.05552,48.62732,4100.0
2024-10-04,195000.0,35288,Saint-Malo,Appartement,35.0,-1.983054,48.656376,5571.428571428572
2024-10-11,405000.0,35093,Dinard,Appartement,69.0,-2.058991,48.631844,5869.565217391304
2024-10-10,252000.0,35093,Dinard,Appartement,52.0,-2.074342,48.632466,4846.153846153846
2024-10-10,252000.0,35093,Dinard,Appartement,51.0,-2.074342,48.632466,4941.176470588235
2024-10-10,252000.0,35093,Dinard,Appartement,51.0,-2.074342,48.632466,4941.176470588235
2024-10-07,230000.0,35288,Saint-Malo,Appartement,50.0,-1.981941,48.655989,4600.0
2024-10-14,215000.0,35093,Dinard,Maison,49.0,-2.070676,48.624289,4387.755102040816
2024-10-04,154740.0,35093,Dinard,Appartement,22.0,-2.058163,48.629631,7033.636363636364
2024-09-23,380880.0,35049,Cancale,Maison,22.0,-1.844532,48.679116,17312.727272727272
2024-09-23,380880.0,35049,Cancale,Maison,59.0,-1.844532,48.679116,6455.593220338983
2024-10-09,898600.0,35263,Saint-Coulomb,Maison,265.0,-1.907931,48.676911,3390.943396226415
2024-10-10,291000.0,35288,Saint-Malo,Appartement,44.0,-1.987288,48.65748,6613.636363636364
2024-10-11,320000.0,35288,Saint-Malo,Appartement,63.0,-1.99304,48.661031,5079.3650793650795
2024-10-17,267500.0,35288,Saint-Malo,Appartement,57.0,-2.02395,48.650468,4692.982456140351
2024-10-11,810000.0,35049,Cancale,Maison,107.0,-1.851393,48.700765,7570.093457943925
2024-09-23,186000.0,35288,Saint-Malo,Appartement,32.0,-2.007405,48.654303,5812.5
2024-09-30,95500.0,35288,Saint-Malo,Appartement,23.0,-1.958116,48.608463,4152.173913043478
2024-09-27,,35288,Saint-Malo,Appartement,30.0,-2.003809,48.64889,
2024-09-27,174617.4,35049,Cancale,Maison,86.0,-1.858294,48.683421,2030.4348837209302
2024-09-30,540000.0,35049,Cancale,Maison,125.0,-1.860428,48.676765,4320.0
2024-10-21,539000.0,35288,Saint-Malo,Appartement,80.0,-2.024173,48.650621,6737.5
2024-10-18,205000.0,35288,Saint-Malo,Maison,36.0,-1.988004,48.662643,5694.444444444444
2024-10-17,707000.0,35093,Dinard,Maison,165.0,-2.07673,48.633307,4284.848484848485
2024-10-11,630000.0,35288,Saint-Malo,Maison,120.0,-1.999267,48.627655,5250.0
2024-10-17,690000.0,35288,Saint-Malo,Maison,84.0,-2.008051,48.63158,8214.285714285714
2024-10-17,138000.0,35288,Saint-Malo,Appartement,28.0,-2.015295,48.638823,4928.571428571428
2024-09-26,86800.0,35288,Saint-Malo,Appartement,20.0,-2.014815,48.632801,4340.0
2024-09-23,700000.0,35093,Dinard,Maison,61.0,-2.067295,48.634165,11475.409836065573
2024-10-23,215000.0,35288,Saint-Malo,Appartement,29.0,-2.027428,48.648811,7413.793103448276
2024-10-25,727520.0,35093,Dinard,Maison,133.0,-2.059991,48.627977,5470.075187969925
2024-10-11,175000.0,35288,Saint-Malo,Appartement,60.0,-2.003095,48.629663,2916.6666666666665
2024-10-15,468350.0,35288,Saint-Malo,Maison,99.0,-1.974994,48.671975,4730.80808080808
2024-10-11,213270.0,35288,Saint-Malo,Maison,56.0,-1.995399,48.64592,3808.3928571428573
2024-10-15,570000.0,35288,Saint-Malo,Maison,88.0,-1.973046,48.682149,6477.272727272727
2024-10-17,400000.0,35288,Saint-Malo,Appartement,87.0,-2.014965,48.634709,4597.701149425287
2024-10-04,537800.0,35288,Saint-Malo,Maison,152.0,-1.954268,48.615957,3538.157894736842
2024-10-25,194925.0,35288,Saint-Malo,Maison,67.0,-1.986849,48.665445,2909.3283582089553
2024-10-29,300000.0,35288,Saint-Malo,Maison,98.0,-2.003761,48.640076,3061.2244897959185
2024-10-23,290000.0,35288,Saint-Malo,Appartement,65.0,-1.987933,48.632059,4461.538461538462
2024-10-28,215900.0,35093,Dinard,Appartement,53.0,-2.053558,48.632968,4073.5849056603774
2024-10-21,309000.0,35093,Dinard,Appartement,60.0,-2.062139,48.624572,5150.0
2024-10-25,300000.0,35288,Saint-Malo,Maison,81.0,-1.997336,48.645069,3703.703703703704
2024-10-30,215234.83,35288,Saint-Malo,Appartement,113.0,,,1904.7330088495573
2024-10-30,215234.83,35288,Saint-Malo,Appartement,113.0,,,1904.7330088495573
2024-10-30,215234.83,35288,Saint-Malo,Appartement,113.0,,,1904.7330088495573
2024-10-30,215234.83,35288,Saint-Malo,Appartement,89.0,,,2418.368876404494
2024-10-30,215234.83,35288,Saint-Malo,Appartement,83.0,,,2593.190722891566
2024-10-30,215234.83,35288,Saint-Malo,Appartement,83.0,,,2593.190722891566
2024-10-30,215234.83,35288,Saint-Malo,Appartement,82.0,,,2624.815
2024-10-30,215234.83,35288,Saint-Malo,Appartement,64.0,,,3363.04421875
2024-10-30,215234.83,35288,Saint-Malo,Appartement,83.0,,,2593.190722891566
2024-10-30,215234.83,35288,Saint-Malo,Appartement,83.0,,,2593.190722891566
2024-10-30,215234.83,35288,Saint-Malo,Appartement,82.0,,,2624.815
2024-10-30,215234.83,35288,Saint-Malo,Appartement,61.0,,,3528.4398360655737
2024-10-30,215234.83,35288,Saint-Malo,Appartement,83.0,,,2593.190722891566
2024-10-30,215234.83,35288,Saint-Malo,Appartement,69.0,,,3119.34536231884
2024-10-30,215234.83,35288,Saint-Malo,Appartement,60.0,,,3587.2471666666665
2024-10-30,215234.83,35288,Saint-Malo,Appartement,54.0,,,3985.8301851851847
2024-10-30,215234.83,35288,Saint-Malo,Appartement,61.0,,,3528.4398360655737
2024-10-30,215234.83,35288,Saint-Malo,Appartement,113.0,,,1904.7330088495573
2024-10-30,215234.83,35288,Saint-Malo,Appartement,99.0,,,2174.0891919191918
2024-10-30,215234.83,35288,Saint-Malo,Appartement,113.0,,,1904.7330088495573
2024-10-30,215234.83,35288,Saint-Malo,Appartement,83.0,,,2593.190722891566
2024-10-30,215234.83,35288,Saint-Malo,Appartement,68.0,,,3165.218088235294
2024-10-30,215234.83,35288,Saint-Malo,Appartement,82.0,,,2624.815
2024-10-30,215234.83,35288,Saint-Malo,Appartement,83.0,,,2593.190722891566
2024-10-30,215234.83,35288,Saint-Malo,Appartement,83.0,,,2593.190722891566
2024-10-30,215234.83,35288,Saint-Malo,Appartement,68.0,,,3165.218088235294
2024-10-30,215234.83,35288,Saint-Malo,Appartement,54.0,,,3985.8301851851847
2024-10-30,215234.83,35288,Saint-Malo,Appartement,54.0,,,3985.8301851851847
2024-10-30,215234.83,35288,Saint-Malo,Appartement,54.0,,,3985.8301851851847
2024-10-30,215234.83,35288,Saint-Malo,Appartement,54.0,,,3985.8301851851847
2024-10-30,215234.83,35288,Saint-Malo,Appartement,54.0,,,3985.8301851851847
2024-10-30,215234.83,35288,Saint-Malo,Appartement,54.0,,,3985.8301851851847
2024-10-30,215234.83,35288,Saint-Malo,Appartement,54.0,,,3985.8301851851847
2024-10-30,215234.83,35288,Saint-Malo,Appartement,54.0,,,3985.8301851851847
2024-10-30,215234.83,35288,Saint-Malo,Appartement,54.0,,,3985.8301851851847
2024-10-30,215234.83,35288,Saint-Malo,Appartement,54.0,,,3985.8301851851847
2024-10-30,215234.83,35288,Saint-Malo,Appartement,54.0,,,3985.8301851851847
2024-10-30,215234.83,35288,Saint-Malo,Appartement,54.0,,,3985.8301851851847
2024-10-30,215234.83,35288,Saint-Malo,Appartement,54.0,,,3985.8301851851847
2024-10-30,215234.83,35288,Saint-Malo,Appartement,54.0,,,3985.8301851851847
2024-10-30,215234.83,35288,Saint-Malo,Appartement,54.0,,,3985.8301851851847
2024-10-30,215234.83,35288,Saint-Malo,Appartement,54.0,,,3985.8301851851847
2024-10-30,215234.83,35288,Saint-Malo,Appartement,42.0,,,5124.638809523809
2024-10-30,215234.83,35288,Saint-Malo,Appartement,41.0,,,5249.63
2024-10-30,215234.83,35288,Saint-Malo,Appartement,41.0,,,5249.63
2024-10-30,215234.83,35288,Saint-Malo,Appartement,90.0,,,2391.498111111111
2024-10-30,215234.83,35288,Saint-Malo,Appartement,99.0,,,2174.0891919191918
2024-10-30,215234.83,35288,Saint-Malo,Appartement,113.0,,,1904.7330088495573
2024-10-30,215234.83,35288,Saint-Malo,Appartement,83.0,,,2593.190722891566
2024-10-30,215234.83,35288,Saint-Malo,Appartement,69.0,,,3119.34536231884
2024-10-30,215234.83,35288,Saint-Malo,Appartement,83.0,,,2593.190722891566
2024-10-30,215234.83,35288,Saint-Malo,Appartement,91.0,,,2365.217912087912
2024-10-30,215234.83,35288,Saint-Malo,Appartement,83.0,,,2593.190722891566
2024-10-30,215234.83,35288,Saint-Malo,Appartement,71.0,,,3031.476478873239
2024-10-30,215234.83,35288,Saint-Malo,Appartement,71.0,,,3031.476478873239
2024-10-30,215234.83,35288,Saint-Malo,Appartement,71.0,,,3031.476478873239
2024-10-30,215234.83,35288,Saint-Malo,Appartement,45.0,,,4782.996222222222
2024-10-30,215234.83,35288,Saint-Malo,Appartement,71.0,,,3031.476478873239
2024-10-30,215234.83,35288,Saint-Malo,Appartement,113.0,,,1904.7330088495573
2024-10-30,215234.83,35288,Saint-Malo,Appartement,113.0,,,1904.7330088495573
2024-10-30,215234.83,35288,Saint-Malo,Appartement,113.0,,,1904.7330088495573
2024-10-30,215234.83,35288,Saint-Malo,Appartement,89.0,,,2418.368876404494
2024-10-30,215234.83,35288,Saint-Malo,Appartement,83.0,,,2593.190722891566
2024-10-30,215234.83,35288,Saint-Malo,Appartement,83.0,,,2593.190722891566
2024-10-30,215234.83,35288,Saint-Malo,Appartement,82.0,,,2624.815
2024-10-30,215234.83,35288,Saint-Malo,Appartement,61.0,,,3528.4398360655737
2024-10-30,215234.83,35288,Saint-Malo,Appartement,83.0,,,2593.190722891566
2024-10-30,215234.83,35288,Saint-Malo,Appartement,83.0,,,2593.190722891566
2024-10-30,215234.83,35288,Saint-Malo,Appartement,82.0,,,2624.815
2024-10-30,215234.83,35288,Saint-Malo,Appartement,61.0,,,3528.4398360655737
2024-10-30,215234.83,35288,Saint-Malo,Appartement,83.0,,,2593.190722891566
2024-10-30,215234.83,35288,Saint-Malo,Appartement,69.0,,,3119.34536231884
2024-10-30,215234.83,35288,Saint-Malo,Appartement,61.0,,,3528.4398360655737
2024-10-30,215234.83,35288,Saint-Malo,Appartement,60.0,,,3587.2471666666665
2024-10-30,215234.83,35288,Saint-Malo,Appartement,88.0,,,2445.850340909091
2024-10-30,215234.83,35288,Saint-Malo,Appartement,88.0,,,2445.850340909091
2024-10-30,215234.83,35288,Saint-Malo,Appartement,88.0,,,2445.850340909091
2024-10-30,215234.83,35288,Saint-Malo,Appartement,88.0,,,2445.850340909091
2024-10-30,215234.83,35288,Saint-Malo,Appartement,54.0,,,3985.8301851851847
2024-10-30,215234.83,35288,Saint-Malo,Appartement,88.0,,,2445.850340909091
2024-10-30,215234.83,35288,Saint-Malo,Appartement,88.0,,,2445.850340909091
2024-10-30,215234.83,35288,Saint-Malo,Appartement,54.0,,,3985.8301851851847
2024-10-30,215234.83,35288,Saint-Malo,Appartement,54.0,,,3985.8301851851847
2024-10-30,215234.83,35288,Saint-Malo,Appartement,54.0,,,3985.8301851851847
2024-10-30,215234.83,35288,Saint-Malo,Appartement,54.0,,,3985.8301851851847
2024-10-30,215234.83,35288,Saint-Malo,Appartement,54.0,,,3985.8301851851847
2024-10-30,215234.83,35288,Saint-Malo,Appartement,54.0,,,3985.8301851851847
2024-10-30,215234.83,35288,Saint-Malo,Appartement,54.0,,,3985.8301851851847
2024-10-30,215234.83,35288,Saint-Malo,Appartement,54.0,,,3985.8301851851847
2024-10-30,215234.83,35288,Saint-Malo,Appartement,54.0,,,3985.8301851851847
2024-10-30,215234.83,35288,Saint-Malo,Appartement,54.0,,,3985.8301851851847
2024-10-30,215234.83,35288,Saint-Malo,Appartement,54.0,,,3985.8301851851847
2024-10-30,215234.83,35288,Saint-Malo,Appartement,54.0,,,3985.8301851851847
2024-10-30,215234.83,35288,Saint-Malo,Appartement,54.0,,,3985.8301851851847
2024-10-30,215234.83,35288,Saint-Malo,Appartement,54.0,,,3985.8301851851847
2024-10-30,215234.83,35288,Saint-Malo,Appartement,54.0,,,3985.8301851851847
2024-10-30,215234.83,35288,Saint-Malo,Appartement,54.0,,,3985.8301851851847
2024-10-30,215234.83,35288,Saint-Malo,Appartement,54.0,,,3985.8301851851847
2024-10-30,215234.83,35288,Saint-Malo,Appartement,54.0,,,3985.8301851851847
2024-10-30,215234.83,35288,Saint-Malo,Appartement,54.0,,,3985.8301851851847
2024-10-30,215234.83,35288,Saint-Malo,Appartement,82.0,,,2624.815
2024-10-30,215234.83,35288,Saint-Malo,Appartement,68.0,,,3165.218088235294
2024-10-30,215234.83,35288,Saint-Malo,Appartement,83.0,,,2593.190722891566
2024-10-30,215234.83,35288,Saint-Malo,Appartement,83.0,,,2593.190722891566
2024-10-30,215234.83,35288,Saint-Malo,Appartement,82.0,,,2624.815
2024-10-30,215234.83,35288,Saint-Malo,Appartement,68.0,,,3165.218088235294
2024-10-30,215234.83,35288,Saint-Malo,Appartement,83.0,,,2593.190722891566
2024-10-30,215234.83,35288,Saint-Malo,Appartement,83.0,,,2593.190722891566
2024-10-30,215234.83,35288,Saint-Malo,Appartement,82.0,,,2624.815
2024-10-30,215234.83,35288,Saint-Malo,Appartement,68.0,,,3165.218088235294
2024-10-30,215234.83,35288,Saint-Malo,Appartement,83.0,,,2593.190722891566
2024-10-30,215234.83,35288,Saint-Malo,Appartement,83.0,,,2593.190722891566
2024-10-30,215234.83,35288,Saint-Malo,Appartement,82.0,,,2624.815
2024-10-30,215234.83,35288,Saint-Malo,Appartement,68.0,,,3165.218088235294
2024-10-30,215234.83,35288,Saint-Malo,Appartement,83.0,,,2593.190722891566
2024-10-30,215234.83,35288,Saint-Malo,Appartement,83.0,,,2593.190722891566
2024-10-30,215234.83,35288,Saint-Malo,Appartement,82.0,,,2624.815
2024-10-30,215234.83,35288,Saint-Malo,Appartement,68.0,,,3165.218088235294
2024-10-30,215234.83,35288,Saint-Malo,Appartement,69.0,,,3119.34536231884
2024-10-30,215234.83,35288,Saint-Malo,Appartement,50.0,,,4304.696599999999
2024-10-30,215234.83,35288,Saint-Malo,Appartement,88.0,,,2445.850340909091
2024-10-30,215234.83,35288,Saint-Malo,Appartement,88.0,,,2445.850340909091
2024-10-30,215234.83,35288,Saint-Malo,Appartement,88.0,,,2445.850340909091
2024-10-30,215234.83,35288,Saint-Malo,Appartement,88.0,,,2445.850340909091
2024-10-30,215234.83,35288,Saint-Malo,Appartement,54.0,,,3985.8301851851847
2024-10-30,215234.83,35288,Saint-Malo,Appartement,54.0,,,3985.8301851851847
2024-10-30,215234.83,35288,Saint-Malo,Appartement,54.0,,,3985.8301851851847
2024-10-30,215234.83,35288,Saint-Malo,Appartement,88.0,,,2445.850340909091
2024-10-30,215234.83,35288,Saint-Malo,Appartement,88.0,,,2445.850340909091
2024-10-30,215234.83,35288,Saint-Malo,Appartement,88.0,,,2445.850340909091
2024-10-30,215234.83,35288,Saint-Malo,Appartement,88.0,,,2445.850340909091
2024-10-30,215234.83,35288,Saint-Malo,Appartement,54.0,,,3985.8301851851847
2024-10-30,215234.83,35288,Saint-Malo,Appartement,54.0,,,3985.8301851851847
2024-10-30,215234.83,35288,Saint-Malo,Appartement,54.0,,,3985.8301851851847
2024-10-30,215234.83,35288,Saint-Malo,Appartement,54.0,,,3985.8301851851847
2024-10-30,215234.83,35288,Saint-Malo,Appartement,54.0,,,3985.8301851851847
2024-10-30,215234.83,35288,Saint-Malo,Appartement,54.0,,,3985.8301851851847
2024-10-30,215234.83,35288,Saint-Malo,Appartement,54.0,,,3985.8301851851847
2024-10-30,215234.83,35288,Saint-Malo,Appartement,54.0,,,3985.8301851851847
2024-10-30,215234.83,35288,Saint-Malo,Appartement,54.0,,,3985.8301851851847
2024-10-30,215234.83,35288,Saint-Malo,Appartement,54.0,,,3985.8301851851847
2024-10-30,215234.83,35288,Saint-Malo,Appartement,54.0,,,3985.8301851851847
2024-10-30,215234.83,35288,Saint-Malo,Appartement,54.0,,,3985.8301851851847
2024-10-30,215234.83,35288,Saint-Malo,Appartement,54.0,,,3985.8301851851847
2024-10-30,215234.83,35288,Saint-Malo,Appartement,54.0,,,3985.8301851851847
2024-10-30,215234.83,35288,Saint-Malo,Appartement,54.0,,,3985.8301851851847
2024-10-30,215234.83,35288,Saint-Malo,Appartement,54.0,,,3985.8301851851847
2024-10-30,215234.83,35288,Saint-Malo,Appartement,54.0,,,3985.8301851851847
2024-10-30,215234.83,35288,Saint-Malo,Appartement,54.0,,,3985.8301851851847
2024-10-30,215234.83,35288,Saint-Malo,Appartement,54.0,,,3985.8301851851847
2024-10-30,215234.83,35288,Saint-Malo,Appartement,42.0,,,5124.638809523809
2024-10-30,215234.83,35288,Saint-Malo,Appartement,41.0,,,5249.63
2024-10-30,215234.83,35288,Saint-Malo,Appartement,41.0,,,5249.63
2024-10-30,215234.83,35288,Saint-Malo,Appartement,71.0,,,3031.476478873239
2024-10-30,215234.83,35288,Saint-Malo,Appartement,54.0,,,3985.8301851851847
2024-10-30,215234.83,35288,Saint-Malo,Appartement,54.0,,,3985.8301851851847
2024-10-30,215234.83,35288,Saint-Malo,Appartement,54.0,,,3985.8301851851847
2024-10-30,215234.83,35288,Saint-Malo,Appartement,54.0,,,3985.8301851851847
2024-10-30,215234.83,35288,Saint-Malo,Appartement,54.0,,,3985.8301851851847
2024-10-30,215234.83,35288,Saint-Malo,Appartement,54.0,,,3985.8301851851847
2024-10-30,215234.83,35288,Saint-Malo,Appartement,54.0,,,3985.8301851851847
2024-10-30,215234.83,35288,Saint-Malo,Appartement,54.0,,,3985.8301851851847
2024-10-30,215234.83,35288,Saint-Malo,Appartement,54.0,,,3985.8301851851847
2024-10-30,215234.83,35288,Saint-Malo,Appartement,54.0,,,3985.8301851851847
2024-10-30,215234.83,35288,Saint-Malo,Appartement,54.0,,,3985.8301851851847
2024-10-30,215234.83,35288,Saint-Malo,Appartement,54.0,,,3985.8301851851847
2024-10-30,215234.83,35288,Saint-Malo,Appartement,54.0,,,3985.8301851851847
2024-10-30,215234.83,35288,Saint-Malo,Appartement,54.0,,,3985.8301851851847
2024-10-30,215234.83,35288,Saint-Malo,Appartement,54.0,,,3985.8301851851847
2024-10-30,215234.83,35288,Saint-Malo,Appartement,54.0,,,3985.8301851851847
2024-10-30,215234.83,35288,Saint-Malo,Appartement,54.0,,,3985.8301851851847
2024-10-30,215234.83,35288,Saint-Malo,Appartement,54.0,,,3985.8301851851847
2024-10-30,215234.83,35288,Saint-Malo,Appartement,42.0,,,5124.638809523809
2024-10-30,215234.83,35288,Saint-Malo,Appartement,41.0,,,5249.63
2024-10-30,215234.83,35288,Saint-Malo,Appartement,41.0,,,5249.63
2024-10-30,215234.83,35288,Saint-Malo,Appartement,83.0,,,2593.190722891566
2024-10-30,215234.83,35288,Saint-Malo,Appartement,69.0,,,3119.34536231884
2024-10-30,215234.83,35288,Saint-Malo,Appartement,68.0,,,3165.218088235294
2024-10-30,215234.83,35288,Saint-Malo,Appartement,68.0,,,3165.218088235294
2024-10-30,215234.83,35288,Saint-Malo,Appartement,83.0,,,2593.190722891566
2024-10-30,215234.83,35288,Saint-Malo,Appartement,68.0,,,3165.218088235294
2024-10-30,215234.83,35288,Saint-Malo,Appartement,69.0,,,3119.34536231884
2024-10-30,215234.83,35288,Saint-Malo,Appartement,83.0,,,2593.190722891566
2024-10-30,215234.83,35288,Saint-Malo,Appartement,82.0,,,2624.815
2024-10-30,215234.83,35288,Saint-Malo,Appartement,68.0,,,3165.218088235294
2024-10-30,215234.83,35288,Saint-Malo,Appartement,83.0,,,2593.190722891566
2024-10-30,215234.83,35288,Saint-Malo,Appartement,82.0,,,2624.815
2024-10-30,215234.83,35288,Saint-Malo,Appartement,71.0,,,3031.476478873239
2024-10-30,215234.83,35288,Saint-Malo,Appartement,45.0,,,4782.996222222222
2024-10-30,215234.83,35288,Saint-Malo,Appartement,71.0,,,3031.476478873239
2024-10-30,215234.83,35288,Saint-Malo,Appartement,71.0,,,3031.476478873239
2024-10-30,215234.83,35288,Saint-Malo,Appartement,71.0,,,3031.476478873239
2024-10-30,215234.83,35288,Saint-Malo,Appartement,71.0,,,3031.476478873239
2024-10-30,215234.83,35288,Saint-Malo,Appartement,54.0,,,3985.8301851851847
2024-10-30,215234.83,35288,Saint-Malo,Appartement,71.0,,,3031.476478873239
2024-10-30,215234.83,35288,Saint-Malo,Appartement,82.0,,,2624.815
2024-10-30,215234.83,35288,Saint-Malo,Appartement,83.0,,,2593.190722891566
2024-10-30,215234.83,35288,Saint-Malo,Appartement,83.0,,,2593.190722891566
2024-10-30,215234.83,35288,Saint-Malo,Appartement,68.0,,,3165.218088235294
2024-10-30,215234.83,35288,Saint-Malo,Appartement,82.0,,,2624.815
2024-10-30,215234.83,35288,Saint-Malo,Appartement,45.0,,,4782.996222222222
2024-10-30,215234.83,35288,Saint-Malo,Appartement,71.0,,,3031.476478873239
2024-10-30,215234.83,35288,Saint-Malo,Appartement,71.0,,,3031.476478873239
2024-10-30,215234.83,35288,Saint-Malo,Appartement,71.0,,,3031.476478873239
2024-10-30,215234.83,35288,Saint-Malo,Appartement,71.0,,,3031.476478873239
2024-10-30,215234.83,35288,Saint-Malo,Appartement,54.0,,,3985.8301851851847
2024-10-30,215234.83,35288,Saint-Malo,Appartement,83.0,,,2593.190722891566
2024-10-30,215234.83,35288,Saint-Malo,Appartement,69.0,,,3119.34536231884
2024-10-30,215234.83,35288,Saint-Malo,Appartement,69.0,,,3119.34536231884
2024-10-30,215234.83,35288,Saint-Malo,Appartement,83.0,,,2593.190722891566
2024-10-30,215234.83,35288,Saint-Malo,Appartement,69.0,,,3119.34536231884
2024-10-30,215234.83,35288,Saint-Malo,Appartement,83.0,,,2593.190722891566
2024-10-30,215234.83,35288,Saint-Malo,Appartement,83.0,,,2593.190722891566
2024-10-30,215234.83,35288,Saint-Malo,Appartement,69.0,,,3119.34536231884
2024-10-30,215234.83,35288,Saint-Malo,Appartement,83.0,,,2593.190722891566
2024-10-30,215234.83,35288,Saint-Malo,Appartement,83.0,,,2593.190722891566
2024-10-30,215234.83,35288,Saint-Malo,Appartement,83.0,,,2593.190722891566
2024-10-30,215234.83,35288,Saint-Malo,Appartement,69.0,,,3119.34536231884
2024-10-30,215234.83,35288,Saint-Malo,Appartement,83.0,,,2593.190722891566
2024-10-30,215234.83,35288,Saint-Malo,Appartement,83.0,,,2593.190722891566
2024-10-30,215234.83,35288,Saint-Malo,Appartement,68.0,,,3165.218088235294
2024-10-30,215234.83,35288,Saint-Malo,Appartement,82.0,,,2624.815
2024-10-30,215234.83,35288,Saint-Malo,Appartement,113.0,,,1904.7330088495573
2024-10-30,215234.83,35288,Saint-Malo,Appartement,113.0,,,1904.7330088495573
2024-10-30,215234.83,35288,Saint-Malo,Appartement,99.0,,,2174.0891919191918
2024-10-30,215234.83,35288,Saint-Malo,Appartement,113.0,,,1904.7330088495573
2024-10-30,215234.83,35288,Saint-Malo,Appartement,113.0,,,1904.7330088495573
2024-10-18,207000.0,35288,Saint-Malo,Appartement,43.0,-2.019904,48.63399,4813.953488372093
2024-10-30,75000.0,35093,Dinard,Appartement,19.0,-2.055193,48.630632,3947.3684210526317
2024-10-18,650000.0,35049,Cancale,Maison,91.0,-1.872034,48.694306,7142.857142857143
2024-10-18,650000.0,35049,Cancale,Maison,91.0,-1.872034,48.694306,7142.857142857143
2024-10-16,375000.0,35049,Cancale,Maison,98.0,-1.857978,48.686452,3826.530612244898
2024-10-21,550000.0,35288,Saint-Malo,Maison,95.0,-1.993454,48.652946,5789.473684210527
2024-10-17,119000.0,35288,Saint-Malo,Appartement,35.0,-1.991928,48.642046,3400.0
2024-10-28,120000.0,35093,Dinard,Appartement,22.0,-2.059303,48.634211,5454.545454545455
2024-10-21,372700.0,35288,Saint-Malo,Maison,56.0,-1.99486,48.650104,6655.357142857143
2024-10-21,175000.0,35288,Saint-Malo,Appartement,73.0,-2.008181,48.648161,2397.2602739726026
2024-10-24,130000.0,35288,Saint-Malo,Appartement,26.0,-1.979709,48.676566,5000.0
2024-10-22,435000.0,35288,Saint-Malo,Appartement,68.0,-2.016353,48.633404,6397.058823529412
2024-10-22,380000.0,35093,Dinard,Maison,98.0,-2.061107,48.615749,3877.5510204081634
2024-10-25,140270.0,35288,Saint-Malo,Appartement,40.0,-2.018346,48.639893,3506.75
2024-10-22,400000.0,35288,Saint-Malo,Maison,90.0,-1.998803,48.655021,4444.444444444444
2024-10-24,138000.0,35049,Cancale,Appartement,37.0,-1.851705,48.676387,3729.7297297297296
2024-10-08,330882.0,35288,Saint-Malo,Maison,40.0,-2.010259,48.62734,8272.05
2024-10-25,130000.0,35288,Saint-Malo,Appartement,22.0,-1.979709,48.676566,5909.090909090909
2024-10-15,145000.0,35288,Saint-Malo,Appartement,45.0,-2.027017,48.648303,3222.222222222222
2024-10-17,100000.0,35288,Saint-Malo,Appartement,23.0,-2.015965,48.639261,4347.826086956522
2024-10-24,249900.0,35288,Saint-Malo,Appartement,50.0,-2.007048,48.650021,4998.0
2024-10-21,176550.0,35288,Saint-Malo,Maison,67.0,-1.996113,48.650906,2635.0746268656717
2024-10-29,272000.0,35288,Saint-Malo,Maison,72.0,-1.989939,48.647724,3777.777777777778
2024-10-25,233880.0,35288,Saint-Malo,Appartement,54.0,-1.967456,48.681287,4331.111111111111
2024-10-31,885100.0,35093,Dinard,Maison,158.0,-2.05038,48.6177,5601.898734177215
2024-10-31,705000.0,35288,Saint-Malo,Maison,130.0,-2.010512,48.634623,5423.076923076923
2024-10-29,181000.0,35288,Saint-Malo,Appartement,59.0,-1.958116,48.608463,3067.7966101694915
2024-10-11,202000.0,35093,Dinard,Appartement,44.0,-2.058365,48.617022,4590.909090909091
2024-10-11,175000.0,35049,Cancale,Maison,74.0,-1.869621,48.661224,2364.864864864865
2024-11-05,399000.0,35093,Dinard,Maison,58.0,-2.074582,48.631632,6879.310344827586
2024-11-04,70000.0,35093,Dinard,Appartement,68.0,-2.065357,48.634746,1029.4117647058824
2024-10-31,250500.0,35093,Dinard,Maison,44.0,-2.077504,48.634191,5693.181818181818
2024-10-09,205000.0,35288,Saint-Malo,Appartement,40.0,-1.970023,48.667392,5125.0
2024-10-25,163000.0,35093,Dinard,Appartement,24.0,-2.060162,48.632557,6791.666666666667
2024-10-29,118175.0,35288,Saint-Malo,Appartement,25.0,-2.027507,48.648209,4727.0
2024-10-17,347300.0,35288,Saint-Malo,Appartement,70.0,-2.011765,48.639248,4961.428571428572
2024-11-08,220000.0,35288,Saint-Malo,Appartement,49.0,-2.014266,48.632775,4489.7959183673465
2024-10-23,155160.0,35288,Saint-Malo,Appartement,35.0,-1.99904,48.633235,4433.142857142857
2024-10-29,30500.0,35049,Cancale,Appartement,11.0,-1.853575,48.671507,2772.7272727272725
2024-11-06,319000.0,35288,Saint-Malo,Appartement,66.0,-1.970846,48.652918,4833.333333333333
2024-03-20,310000.0,35288,Saint-Malo,Appartement,98.0,-2.024696,48.647117,3163.265306122449
2024-10-21,420000.0,35049,Cancale,Maison,116.0,-1.853284,48.697304,3620.689655172414
2024-10-21,420000.0,35049,Cancale,Maison,116.0,-1.853284,48.697304,3620.689655172414
2024-10-30,210000.0,35288,Saint-Malo,Appartement,56.0,-1.971741,48.653577,3750.0
2024-10-28,270000.0,35288,Saint-Malo,Maison,97.0,-1.957646,48.613501,2783.505154639175
2024-10-31,110000.0,35093,Dinard,Appartement,24.0,-2.043736,48.619567,4583.333333333333
2024-11-06,391000.0,35093,Dinard,Appartement,63.0,-2.067006,48.637933,6206.349206349207
2024-11-06,170000.0,35288,Saint-Malo,Appartement,61.0,-2.012996,48.633894,2786.8852459016393
2024-11-08,239620.0,35288,Saint-Malo,Appartement,64.0,-1.985435,48.631328,3744.0625
2024-11-04,449000.0,35288,Saint-Malo,Appartement,86.0,-2.007958,48.645338,5220.930232558139
2024-11-08,250000.0,35288,Saint-Malo,Appartement,58.0,-2.027055,48.648208,4310.3448275862065
2024-11-06,147500.0,35288,Saint-Malo,Appartement,38.0,-2.024687,48.648621,3881.5789473684213
2024-10-31,60000.0,35288,Saint-Malo,Appartement,19.0,-2.007754,48.643163,3157.8947368421054
2024-10-30,618000.0,35288,Saint-Malo,Appartement,63.0,-1.991881,48.657139,9809.52380952381
2024-10-30,618000.0,35288,Saint-Malo,Appartement,88.0,-1.991881,48.657139,7022.727272727273
2024-10-25,3066000.0,35288,Saint-Malo,Maison,119.0,-1.964181,48.683003,25764.70588235294
2024-10-25,3066000.0,35288,Saint-Malo,Maison,119.0,-1.964181,48.683003,25764.70588235294
2024-10-31,336000.0,35288,Saint-Malo,Maison,67.0,-1.973865,48.649018,5014.925373134329
2024-10-29,300000.0,35288,Saint-Malo,Appartement,68.0,-2.016353,48.633404,4411.764705882353
2024-10-16,518000.0,35288,Saint-Malo,Appartement,90.0,-2.003963,48.655268,5755.555555555556
2024-10-31,425000.0,35093,Dinard,Maison,98.0,-2.061107,48.615749,4336.734693877551
2024-10-24,306600.0,35288,Saint-Malo,Appartement,139.0,-2.011841,48.653011,2205.755395683453
2024-11-04,516000.0,35288,Saint-Malo,Maison,117.0,-1.994212,48.651461,4410.25641025641
2024-11-08,45000.0,35288,Saint-Malo,Maison,68.0,-2.009113,48.642841,661.7647058823529
2024-11-08,873590.0,35288,Saint-Malo,Maison,200.0,-1.974251,48.646222,4367.95
2024-11-08,873590.0,35288,Saint-Malo,Maison,200.0,-1.974251,48.646222,4367.95
2024-10-30,576000.0,35288,Saint-Malo,Maison,30.0,-1.99233,48.656788,19200.0
2024-10-30,576000.0,35288,Saint-Malo,Maison,120.0,-1.99233,48.656788,4800.0
2024-11-12,123080.0,35288,Saint-Malo,Appartement,29.0,-1.98568,48.65778,4244.137931034483
2024-11-15,240000.0,35288,Saint-Malo,Appartement,95.0,-1.995319,48.629014,2526.315789473684
2024-11-12,215000.0,35288,Saint-Malo,Appartement,48.0,-1.992065,48.660054,4479.166666666667
2024-11-18,,35288,Saint-Malo,Appartement,56.0,-1.967689,48.680256,
2024-11-15,317000.0,35288,Saint-Malo,Appartement,64.0,-2.025971,48.646418,4953.125
2024-11-08,885500.0,35288,Saint-Malo,Maison,74.0,-1.973179,48.681487,11966.216216216217
2024-11-08,885500.0,35288,Saint-Malo,Maison,209.0,-1.973179,48.681487,4236.8421052631575
2024-10-23,383000.0,35288,Saint-Malo,Maison,44.0,-2.00078,48.657365,8704.545454545454
2024-11-08,164900.0,35263,Saint-Coulomb,Maison,64.0,-1.913168,48.676235,2576.5625
2024-10-28,480000.0,35288,Saint-Malo,Maison,88.0,-2.005239,48.637361,5454.545454545455
2024-11-19,190000.0,35288,Saint-Malo,Appartement,41.0,-1.979133,48.651997,4634.1463414634145
2024-10-28,160000.0,35288,Saint-Malo,Appartement,58.0,-1.998015,48.64069,2758.6206896551726
2024-11-21,315000.0,35288,Saint-Malo,Appartement,65.0,-1.970846,48.652918,4846.153846153846
2024-11-14,270000.0,35288,Saint-Malo,Appartement,103.0,-2.026024,48.648102,2621.359223300971
2024-11-18,419000.0,35288,Saint-Malo,Maison,63.0,-2.001209,48.647252,6650.793650793651
2024-11-14,158300.0,35288,Saint-Malo,Appartement,40.0,-1.991928,48.642046,3957.5
2024-10-25,460000.0,35093,Dinard,Appartement,54.0,-2.052164,48.632096,8518.518518518518
2024-11-14,118000.0,35288,Saint-Malo,Appartement,22.0,-2.007809,48.645755,5363.636363636364
2024-11-08,255000.0,35288,Saint-Malo,Appartement,64.0,-2.006347,48.647569,3984.375
2024-11-22,338000.0,35093,Dinard,Maison,82.0,-2.069187,48.624695,4121.951219512195
2024-11-25,415000.0,35093,Dinard,Appartement,67.0,-2.057596,48.626679,6194.0298507462685
2024-10-31,170000.0,35288,Saint-Malo,Appartement,33.0,-2.007146,48.64875,5151.515151515152
2024-11-26,205000.0,35288,Saint-Malo,Appartement,34.0,-2.024151,48.64678,6029.411764705882
2024-10-23,389514.94,35288,Saint-Malo,Appartement,38.0,-1.981872,48.677183,10250.393157894738
2024-11-04,119000.0,35288,Saint-Malo,Appartement,30.0,-2.009349,48.646175,3966.6666666666665
2024-11-08,270440.0,35049,Cancale,Maison,64.0,-1.866636,48.681329,4225.625
2024-11-06,190000.0,35093,Dinard,Maison,115.0,-2.072411,48.610811,1652.1739130434783
2024-11-18,600000.0,35093,Dinard,Maison,181.0,,,3314.9171270718234
2024-11-22,200000.0,35093,Dinard,Maison,108.0,-2.047616,48.619147,1851.851851851852
2024-10-30,138000.0,35288,Saint-Malo,Maison,77.0,-1.978237,48.626738,1792.2077922077922
2024-11-15,744320.0,35288,Saint-Malo,Maison,205.0,-2.008448,48.623868,3630.829268292683
2024-11-15,744320.0,35288,Saint-Malo,Maison,205.0,-2.008448,48.623868,3630.829268292683
2024-11-20,81800.0,35049,Cancale,Appartement,15.0,-1.855697,48.671044,5453.333333333333
2024-11-22,440200.0,35093,Dinard,Maison,120.0,-2.043144,48.622148,3668.3333333333335
2024-11-27,70000.0,35288,Saint-Malo,Appartement,30.0,-1.985354,48.657693,2333.3333333333335
2024-11-26,210000.0,35288,Saint-Malo,Appartement,48.0,-2.018371,48.639419,4375.0
2024-11-22,545000.0,35288,Saint-Malo,Appartement,34.0,-2.001373,48.6543,16029.411764705883
2024-11-22,545000.0,35288,Saint-Malo,Appartement,47.0,-2.001373,48.6543,11595.744680851063
2024-11-25,334000.0,35093,Dinard,Maison,48.0,-2.065145,48.633462,6958.333333333333
2024-11-04,355000.0,35288,Saint-Malo,Appartement,70.0,-2.007576,48.648943,5071.428571428572
2024-11-05,313500.0,35288,Saint-Malo,Maison,165.0,-1.983544,48.629021,1900.0
2024-11-26,209000.0,35288,Saint-Malo,Appartement,39.0,-2.006791,48.647649,5358.974358974359
2024-11-27,435000.0,35049,Cancale,Maison,67.0,-1.883184,48.693307,6492.537313432836
2024-11-27,435000.0,35049,Cancale,Maison,67.0,-1.883184,48.693307,6492.537313432836
2024-11-20,2500000.0,35093,Dinard,Maison,128.0,-2.041968,48.625382,19531.25
2024-11-20,2500000.0,35093,Dinard,Maison,128.0,-2.041968,48.625382,19531.25
2024-11-20,2500000.0,35093,Dinard,Maison,128.0,-2.041968,48.625382,19531.25
2024-11-26,450000.0,35093,Dinard,Appartement,90.0,-2.0547,48.632515,5000.0
2024-10-29,90000.0,35288,Saint-Malo,Appartement,27.0,-2.003589,48.634504,3333.3333333333335
2024-10-28,150000.0,35049,Cancale,Maison,56.0,-1.857174,48.669974,2678.5714285714284
2024-11-28,228000.0,35288,Saint-Malo,Maison,37.0,-1.979399,48.679204,6162.1621621621625
2024-10-31,214000.0,35049,Cancale,Appartement,54.0,-1.851355,48.674841,3962.962962962963
2024-11-08,238170.0,35288,Saint-Malo,Appartement,43.0,-1.971219,48.666919,5538.837209302325
2024-11-29,350000.0,35288,Saint-Malo,Maison,115.0,-2.004568,48.649101,3043.478260869565
2024-11-26,178055.0,35049,Cancale,Appartement,38.0,-1.851355,48.674841,4685.6578947368425
2024-11-22,570000.0,35288,Saint-Malo,Appartement,123.0,-1.980772,48.661488,4634.1463414634145
2024-11-29,160625.0,35288,Saint-Malo,Appartement,40.0,-1.982188,48.649629,4015.625
2024-11-28,180000.0,35288,Saint-Malo,Appartement,42.0,-2.016802,48.63525,4285.714285714285
2024-11-21,442700.0,35288,Saint-Malo,Maison,76.0,-1.994912,48.653515,5825.0
2024-11-28,270000.0,35288,Saint-Malo,Appartement,55.0,-2.006955,48.65459,4909.090909090909
2024-11-22,130220.0,35288,Saint-Malo,Appartement,25.0,-2.024767,48.650792,5208.8
2024-11-26,230000.0,35288,Saint-Malo,Appartement,43.0,-2.007971,48.652225,5348.837209302325
2024-11-05,840000.0,35288,Saint-Malo,Appartement,123.0,-1.992065,48.660054,6829.268292682927
2024-11-28,626000.0,35093,Dinard,Appartement,73.0,-2.056252,48.63575,8575.342465753425
2024-12-02,220000.0,35093,Dinard,Appartement,44.0,-2.063184,48.627758,5000.0
2024-11-18,196050.0,35288,Saint-Malo,Appartement,38.0,-2.008803,48.62096,5159.210526315789
2024-11-28,233000.0,35288,Saint-Malo,Appartement,57.0,-2.002723,48.639688,4087.719298245614
2024-11-19,368697.0,35288,Saint-Malo,Maison,118.0,-1.95874,48.610292,3124.5508474576272
2024-11-19,195000.0,35288,Saint-Malo,Appartement,45.0,-2.024631,48.649602,4333.333333333333
2024-11-28,732500.0,35288,Saint-Malo,Maison,130.0,-1.983323,48.666918,5634.615384615385
2024-11-28,240000.0,35288,Saint-Malo,Appartement,66.0,-2.016151,48.637036,3636.3636363636365
2024-06-28,750000.0,35288,Saint-Malo,Maison,113.0,-1.987436,48.660102,6637.168141592921
2024-11-18,580000.0,35288,Saint-Malo,Appartement,103.0,-1.991789,48.648951,5631.0679611650485
2024-12-03,94275.0,35288,Saint-Malo,Appartement,47.0,-2.018308,48.639198,2005.8510638297873
2024-12-03,94275.0,35288,Saint-Malo,Appartement,217.0,-2.018308,48.639198,434.44700460829495
2024-11-20,277000.0,35093,Dinard,Maison,63.0,-2.043203,48.618704,4396.825396825397
2024-11-25,1970000.0,35093,Dinard,Maison,124.0,-2.058461,48.631159,15887.09677419355
2024-11-14,680000.0,35093,Dinard,Appartement,85.0,-2.052164,48.632096,8000.0
2024-11-26,209000.0,35049,Cancale,Appartement,43.0,-1.852803,48.678176,4860.46511627907
2024-11-19,370000.0,35288,Saint-Malo,Appartement,70.0,-2.010741,48.63849,5285.714285714285
2024-11-28,387000.0,35093,Dinard,Maison,74.0,-2.06419,48.632002,5229.72972972973
2024-12-04,212000.0,35093,Dinard,Maison,68.0,-2.062636,48.626725,3117.6470588235293
2024-12-05,163500.0,35093,Dinard,Appartement,33.0,-2.061002,48.62896,4954.545454545455
2024-12-06,95000.0,35288,Saint-Malo,Appartement,22.0,-1.989135,48.658625,4318.181818181818
2024-11-29,205000.0,35049,Cancale,Appartement,23.0,-1.855146,48.671142,8913.04347826087
2024-11-28,385000.0,35288,Saint-Malo,Maison,80.0,-2.001061,48.636182,4812.5
2024-12-03,795000.0,35288,Saint-Malo,Appartement,87.0,-1.998047,48.658622,9137.931034482759
2024-12-05,470000.0,35093,Dinard,Maison,90.0,-2.075275,48.630686,5222.222222222223
2024-12-05,420000.0,35093,Dinard,Maison,128.0,-2.075861,48.627608,3281.25
2024-11-28,183840.0,35288,Saint-Malo,Appartement,43.0,-2.02446,48.65092,4275.3488372093025
2024-11-26,298400.0,35049,Cancale,Appartement,65.0,-1.853849,48.671481,4590.7692307692305
2024-11-29,440000.0,35288,Saint-Malo,Maison,106.0,-1.980338,48.615592,4150.943396226415
2024-11-28,272800.0,35288,Saint-Malo,Maison,90.0,-1.982202,48.652707,3031.1111111111113
2024-12-06,200000.0,35288,Saint-Malo,Appartement,44.0,-1.988878,48.658809,4545.454545454545
2024-11-29,122399.48,35093,Dinard,Appartement,59.0,-2.056083,48.617919,2074.5674576271185
2024-11-21,653846.0,35263,Saint-Coulomb,Maison,84.0,-1.940037,48.662965,7783.880952380952
2024-11-29,730000.0,35288,Saint-Malo,Maison,144.0,-2.009076,48.633358,5069.444444444444
2024-09-10,92000.0,35288,Saint-Malo,Maison,42.0,-1.997193,48.644685,2190.4761904761904
2024-11-19,600000.0,35288,Saint-Malo,Maison,124.0,-1.976112,48.666783,4838.709677419355
2024-12-10,260000.0,35093,Dinard,Appartement,61.0,-2.062139,48.624572,4262.295081967213
2024-11-18,330000.0,35288,Saint-Malo,Appartement,55.0,-2.009792,48.653807,6000.0
2024-12-02,260000.0,35288,Saint-Malo,Appartement,57.0,-1.970846,48.652918,4561.403508771929
2024-12-04,263000.0,35288,Saint-Malo,Maison,70.0,-1.958923,48.611829,3757.1428571428573
2024-12-09,350000.0,35093,Dinard,Appartement,72.0,-2.061721,48.635398,4861.111111111111
2024-11-29,308000.0,35288,Saint-Malo,Maison,74.0,-1.954712,48.61681,4162.1621621621625
2024-11-27,250000.0,35093,Dinard,Appartement,52.0,-2.057613,48.626156,4807.692307692308
2024-11-29,204000.0,35288,Saint-Malo,Appartement,55.0,-2.003837,48.637312,3709.090909090909
2024-11-27,309000.0,35093,Dinard,Maison,118.0,-2.056917,48.617865,2618.64406779661
2024-11-27,309000.0,35093,Dinard,Maison,118.0,-2.056917,48.617865,2618.64406779661
2024-12-06,500000.0,35288,Saint-Malo,Maison,75.0,-1.970783,48.683055,6666.666666666667
2024-11-21,215000.0,35093,Dinard,Appartement,55.0,-2.06039,48.630747,3909.090909090909
2024-12-09,184900.0,35288,Saint-Malo,Appartement,47.0,-1.990777,48.640191,3934.0425531914893
2024-12-12,110250.0,35288,Saint-Malo,Appartement,217.0,-2.018308,48.639198,508.06451612903226
2024-12-12,110250.0,35288,Saint-Malo,Appartement,47.0,-2.018308,48.639198,2345.744680851064
2024-11-29,176000.0,35288,Saint-Malo,Appartement,50.0,-2.007972,48.649627,3520.0
2024-11-29,176000.0,35288,Saint-Malo,Appartement,50.0,-2.007972,48.649627,3520.0
2024-12-06,345000.0,35288,Saint-Malo,Maison,75.0,-1.999511,48.623578,4600.0
2024-12-03,250000.0,35093,Dinard,Maison,70.0,,,3571.4285714285716
2024-12-10,400000.0,35288,Saint-Malo,Maison,80.0,-1.987502,48.652947,5000.0
2024-12-06,303000.0,35049,Cancale,Appartement,76.0,-1.853227,48.674446,3986.842105263158
2024-12-06,397940.0,35093,Dinard,Maison,60.0,-2.069949,48.625944,6632.333333333333
2024-12-12,470000.0,35093,Dinard,Appartement,69.0,-2.063167,48.636575,6811.594202898551
2024-12-13,224999.0,35288,Saint-Malo,Maison,66.0,-1.985747,48.657954,3409.0757575757575
2024-12-13,224999.0,35288,Saint-Malo,Maison,88.0,-1.985747,48.657954,2556.806818181818
2024-12-12,199050.0,35288,Saint-Malo,Appartement,49.0,-2.02459,48.648478,4062.2448979591836
2024-12-12,199050.0,35288,Saint-Malo,Appartement,49.0,-2.02459,48.648478,4062.2448979591836
2024-12-02,729000.0,35263,Saint-Coulomb,Maison,215.0,-1.952213,48.670435,3390.6976744186045
2024-12-06,490000.0,35288,Saint-Malo,Maison,71.0,-2.00932,48.635712,6901.408450704225
2024-11-22,598000.0,35288,Saint-Malo,Appartement,91.0,-2.002315,48.648265,6571.428571428572
2024-12-06,250000.0,35288,Saint-Malo,Appartement,66.0,-1.984443,48.657874,3787.878787878788
2024-12-11,545000.0,35288,Saint-Malo,Maison,98.0,-1.975839,48.679163,5561.224489795918
2024-12-11,545000.0,35288,Saint-Malo,Maison,98.0,-1.975839,48.679163,5561.224489795918
2024-11-29,500000.0,35049,Cancale,Maison,124.0,-1.866105,48.671167,4032.2580645161293
2024-12-09,250000.0,35288,Saint-Malo,Appartement,38.0,-2.013684,48.652651,6578.9473684210525
2024-12-12,215000.0,35288,Saint-Malo,Appartement,45.0,-1.970023,48.667392,4777.777777777777
2024-12-10,300000.0,35093,Dinard,Maison,32.0,-2.058758,48.628952,9375.0
2024-12-10,300000.0,35093,Dinard,Maison,25.0,-2.058775,48.628893,12000.0
2024-12-12,930102.0,35288,Saint-Malo,Maison,155.0,-1.969295,48.68323,6000.658064516129
2024-12-12,450416.0,35093,Dinard,Maison,85.0,-2.052256,48.616023,5299.011764705882
2024-12-17,445000.0,35288,Saint-Malo,Appartement,78.0,-2.0157,48.638089,5705.128205128205
2024-12-13,445000.0,35093,Dinard,Maison,92.0,-2.058499,48.622678,4836.95652173913
2024-12-17,243600.0,35288,Saint-Malo,Appartement,65.0,-2.005292,48.645875,3747.6923076923076
2024-12-10,565000.0,35093,Dinard,Maison,150.0,-2.070694,48.625658,3766.6666666666665
2024-12-10,565000.0,35093,Dinard,Maison,150.0,-2.070694,48.625658,3766.6666666666665
2024-12-18,345925.0,35093,Dinard,Appartement,58.0,-2.064951,48.635011,5964.224137931034
2024-12-09,,35093,Dinard,Maison,122.0,-2.053695,48.630305,
2024-12-13,485000.0,35093,Dinard,Appartement,69.0,-2.053422,48.634016,7028.985507246377
2024-12-16,180000.0,35288,Saint-Malo,Appartement,58.0,-2.002723,48.639688,3103.448275862069
2024-12-17,287500.0,35288,Saint-Malo,Appartement,58.0,-2.014621,48.635196,4956.896551724138
2024-12-13,70000.0,35288,Saint-Malo,Appartement,27.0,-1.990272,48.632456,2592.5925925925926
2024-12-17,818200.0,35288,Saint-Malo,Maison,140.0,-1.997677,48.653512,5844.285714285715
2024-12-16,168750.0,35288,Saint-Malo,Appartement,47.0,-2.012711,48.634034,3590.425531914894
2024-11-20,100000.0,35093,Dinard,Appartement,22.0,-2.065396,48.630841,4545.454545454545
2024-12-10,3161536.0,35093,Dinard,Appartement,140.0,-2.054419,48.63478,22582.4
2024-12-10,3161536.0,35093,Dinard,Maison,32.0,-2.054163,48.634645,98798.0
2024-12-20,305000.0,35093,Dinard,Appartement,50.0,-2.063187,48.633513,6100.0
2024-12-18,200000.0,35049,Cancale,Maison,54.0,-1.854389,48.671584,3703.703703703704
2024-12-12,829623.0,35263,Saint-Coulomb,Maison,142.0,-1.89252,48.686738,5842.415492957746
2024-12-13,178000.0,35288,Saint-Malo,Appartement,28.0,-2.001733,48.656162,6357.142857142857
2024-12-09,250500.0,35288,Saint-Malo,Appartement,58.0,-2.024631,48.649602,4318.9655172413795
2024-12-13,375000.0,35049,Cancale,Maison,94.0,-1.867473,48.663675,3989.3617021276596
2024-12-13,375000.0,35049,Cancale,Maison,94.0,-1.867473,48.663675,3989.3617021276596
2024-12-16,1515000.0,35288,Saint-Malo,Maison,23.0,-2.010728,48.631897,65869.56521739131
2024-12-16,1515000.0,35288,Saint-Malo,Maison,238.0,-2.010728,48.631897,6365.546218487395
2024-12-16,1515000.0,35288,Saint-Malo,Maison,23.0,-2.010728,48.631897,65869.56521739131
2024-12-16,1515000.0,35288,Saint-Malo,Maison,238.0,-2.010728,48.631897,6365.546218487395
2024-12-20,377500.0,35093,Dinard,Appartement,85.0,-2.054198,48.630212,4441.176470588235
2024-12-12,410000.0,35288,Saint-Malo,Appartement,68.0,-1.974667,48.679422,6029.411764705882
2024-12-18,594000.0,35093,Dinard,Appartement,84.0,-2.060163,48.635257,7071.428571428572
2024-12-09,500000.0,35288,Saint-Malo,Maison,82.0,-1.984166,48.667316,6097.5609756097565
2024-12-11,710000.0,35288,Saint-Malo,Appartement,65.0,-2.02861,48.634723,10923.076923076924
2024-12-20,293000.0,35288,Saint-Malo,Appartement,55.0,-1.979133,48.651997,5327.272727272727
2024-12-05,110000.0,35288,Saint-Malo,Appartement,50.0,-2.014314,48.638469,2200.0
2024-12-16,245000.0,35288,Saint-Malo,Appartement,63.0,-1.996749,48.657452,3888.8888888888887
2024-12-20,162000.0,35288,Saint-Malo,Appartement,21.0,-2.024631,48.649602,7714.285714285715
2024-12-16,380000.0,35093,Dinard,Appartement,36.0,-2.057701,48.636959,10555.555555555555
2024-12-20,375000.0,35288,Saint-Malo,Maison,99.0,-1.996619,48.625393,3787.878787878788
2024-12-18,230000.0,35093,Dinard,Appartement,22.0,-2.071853,48.638427,10454.545454545454
2024-12-12,550000.0,35288,Saint-Malo,Maison,96.0,-1.986009,48.663845,5729.166666666667
2024-12-13,328300.0,35288,Saint-Malo,Appartement,65.0,-2.00272,48.649053,5050.7692307692305
2024-12-16,289584.0,35288,Saint-Malo,Appartement,69.0,-2.001884,48.640933,4196.869565217391
2024-12-18,680000.0,35288,Saint-Malo,Maison,124.0,-1.967853,48.664313,5483.870967741936
2024-12-17,195000.0,35288,Saint-Malo,Appartement,60.0,-2.007367,48.632246,3250.0
2024-12-19,1529300.0,35093,Dinard,Maison,251.0,-2.05369,48.630735,6092.8286852589645
2024-07-25,270400.0,35288,Saint-Malo,Appartement,99.0,-1.993932,48.629127,2731.313131313131
2024-12-19,148000.0,35049,Cancale,Appartement,45.0,-1.851928,48.67587,3288.8888888888887
2024-12-18,167000.0,35093,Dinard,Appartement,23.0,-2.05618,48.634871,7260.869565217391
2024-12-30,215000.0,35288,Saint-Malo,Appartement,41.0,-1.979896,48.657154,5243.90243902439
2024-12-20,280000.0,35288,Saint-Malo,Appartement,43.0,-2.010842,48.653418,6511.627906976744
2024-12-24,850000.0,35093,Dinard,Maison,100.0,-2.062961,48.630194,8500.0
2024-12-20,547000.0,35093,Dinard,Appartement,74.0,-2.05759,48.634993,7391.891891891892
2024-12-30,210000.0,35288,Saint-Malo,Maison,120.0,-1.985396,48.660188,1750.0
2024-12-30,210000.0,35288,Saint-Malo,Maison,62.0,-1.985296,48.660053,3387.0967741935483
2024-12-27,540000.0,35049,Cancale,Maison,82.0,-1.867603,48.66641,6585.365853658536
2024-12-30,386000.0,35093,Dinard,Appartement,46.0,-2.052393,48.630677,8391.304347826086
2024-12-16,193000.0,35093,Dinard,Appartement,34.0,-2.05281,48.633602,5676.470588235294
2024-12-31,400000.0,35093,Dinard,Maison,66.0,-2.057036,48.621723,6060.606060606061
2024-12-23,280000.0,35288,Saint-Malo,Appartement,47.0,-2.017666,48.639622,5957.446808510638
2024-12-27,457000.0,35288,Saint-Malo,Maison,75.0,-2.005704,48.649529,6093.333333333333
2024-12-19,260000.0,35288,Saint-Malo,Appartement,48.0,-2.019315,48.636235,5416.666666666667
2024-12-27,13000.0,35288,Saint-Malo,Appartement,50.0,-2.022579,48.635394,260.0
2024-12-23,300000.0,35288,Saint-Malo,Appartement,70.0,-2.011841,48.653011,4285.714285714285
2024-12-27,175000.0,35288,Saint-Malo,Appartement,50.0,-2.022579,48.635394,3500.0
2024-12-18,430000.0,35049,Cancale,Maison,95.0,-1.85768,48.670508,4526.315789473684
2024-12-20,590000.0,35288,Saint-Malo,Maison,92.0,-1.995604,48.65091,6413.04347826087
2024-12-18,190000.0,35288,Saint-Malo,Appartement,41.0,-2.015295,48.638823,4634.1463414634145
2024-12-18,225000.0,35288,Saint-Malo,Appartement,52.0,-1.999285,48.633691,4326.923076923077
2024-12-19,291000.0,35288,Saint-Malo,Appartement,88.0,-2.013367,48.63627,3306.818181818182
2024-12-16,203000.0,35288,Saint-Malo,Appartement,45.0,-2.013872,48.630965,4511.111111111111
2024-12-13,2200000.0,35288,Saint-Malo,Appartement,74.0,-2.025136,48.650154,29729.72972972973
2024-12-13,2200000.0,35288,Saint-Malo,Appartement,74.0,-2.025136,48.650154,29729.72972972973
2024-12-13,2200000.0,35288,Saint-Malo,Appartement,74.0,-2.025136,48.650154,29729.72972972973
2024-12-30,313100.0,35288,Saint-Malo,Maison,66.0,-1.982999,48.650106,4743.939393939394
2024-12-18,340000.0,35093,Dinard,Appartement,43.0,-2.071853,48.638427,7906.976744186047
2024-12-30,700000.0,35288,Saint-Malo,Appartement,114.0,-1.98982,48.659511,6140.350877192983
2024-12-30,447385.0,35288,Saint-Malo,Maison,136.0,-1.96909,48.660474,3289.595588235294
2024-12-30,135000.0,35093,Dinard,Appartement,16.0,-2.043736,48.619567,8437.5
2024-12-20,240000.0,35288,Saint-Malo,Appartement,38.0,-1.988583,48.664649,6315.789473684211
2024-12-30,350000.0,35288,Saint-Malo,Maison,67.0,-1.996629,48.650839,5223.880597014925
2024-12-27,265000.0,35288,Saint-Malo,Maison,250.0,-1.965449,48.6305,1060.0
2024-12-23,560000.0,35093,Dinard,Maison,190.0,-2.065762,48.635769,2947.3684210526317
2024-12-17,857000.0,35288,Saint-Malo,Maison,109.0,-1.990602,48.660868,7862.385321100917
2024-12-20,550000.0,35288,Saint-Malo,Maison,111.0,-2.027176,48.634977,4954.954954954955
2024-12-27,270000.0,35288,Saint-Malo,Maison,96.0,-1.953932,48.616712,2812.5
2024-12-31,195000.0,35288,Saint-Malo,Appartement,64.0,-2.005292,48.645875,3046.875
2024-12-19,429000.0,35093,Dinard,Appartement,66.0,-2.061385,48.639529,6500.0
2024-12-26,245000.0,35288,Saint-Malo,Maison,42.0,-1.979399,48.679204,5833.333333333333
2024-12-31,183000.0,35288,Saint-Malo,Appartement,51.0,-1.958116,48.608463,3588.235294117647
2024-12-18,230000.0,35288,Saint-Malo,Maison,97.0,-1.992088,48.633626,2371.134020618557
2024-12-16,256178.06,35049,Cancale,Appartement,61.0,-1.862213,48.677078,4199.640327868852
2024-12-23,235000.0,35288,Saint-Malo,Appartement,51.0,-2.0157,48.638089,4607.843137254902
2024-12-30,235803.66,35288,Saint-Malo,Appartement,60.0,-2.024799,48.636165,3930.061
2024-12-30,300000.0,35049,Cancale,Maison,83.0,-1.858338,48.676471,3614.4578313253014
2024-12-23,385000.0,35288,Saint-Malo,Appartement,68.0,-2.024328,48.635456,5661.764705882353
2024-12-30,250000.0,35288,Saint-Malo,Appartement,70.0,-2.013832,48.634635,3571.4285714285716
2024-12-31,340000.0,35288,Saint-Malo,Maison,96.0,-1.990851,48.630861,3541.6666666666665
2024-12-17,310000.0,35288,Saint-Malo,Maison,79.0,-2.003302,48.64437,3924.0506329113923
2024-12-17,320000.0,35263,Saint-Coulomb,Maison,80.0,-1.91279,48.674693,4000.0
2024-12-30,260000.0,35288,Saint-Malo,Appartement,63.0,-2.014062,48.634087,4126.984126984127
2024-12-18,211000.0,35093,Dinard,Appartement,45.0,-2.065274,48.635351,4688.888888888889
2024-12-30,330000.0,35288,Saint-Malo,Appartement,35.0,-2.006165,48.654888,9428.57142857143
2024-12-27,1095000.0,35093,Dinard,Maison,140.0,-2.065132,48.629547,7821.428571428572
2024-12-27,216281.0,35288,Saint-Malo,Appartement,45.0,-2.013933,48.637995,4806.2444444444445
2024-12-30,97150.0,35288,Saint-Malo,Appartement,19.0,-1.971352,48.657336,5113.1578947368425
